temperature,soil_moisture,recording_taken,last_watered,plant_id
13.096522771201814,87.40296650717704,2025-06-04 17:31:04.900000+00:00,2025-06-04 13:51:41+00:00,1
13.44229736119564,91.14968955512572,2025-06-04 17:31:05.221000+00:00,2025-06-04 14:58:34+00:00,2
14.859934708856564,87.82951572926596,2025-06-04 17:31:05.838000+00:00,2025-06-04 13:58:19+00:00,3
15.701931478308309,91.23479359095194,2025-06-04 17:31:06.884000+00:00,2025-06-04 14:56:07+00:00,4
15.80823220185789,87.37416715830875,2025-06-04 17:31:08.472000+00:00,2025-06-04 13:57:08+00:00,5
14.046037986940304,84.33292975609756,2025-06-04 17:31:09.747000+00:00,2025-06-04 13:03:31+00:00,6
14.906101304828942,86.51100472589792,2025-06-04 17:31:11.357000+00:00,2025-06-04 13:33:20+00:00,8
11.545329104651984,88.91328792270531,2025-06-04 17:31:12.747000+00:00,2025-06-04 14:19:58+00:00,9
12.936480018224236,88.74162092130518,2025-06-04 17:31:13.231000+00:00,2025-06-04 14:15:42+00:00,10
15.189627370863816,86.17334329797492,2025-06-04 17:31:14.243000+00:00,2025-06-04 13:32:16+00:00,11
14.49888003091933,86.3627236084453,2025-06-04 17:31:15.042000+00:00,2025-06-04 13:34:25+00:00,12
13.992376809381234,90.63699431818182,2025-06-04 17:31:15.334000+00:00,2025-06-04 14:46:28+00:00,13
13.664549210357674,85.98552839268527,2025-06-04 17:31:16.036000+00:00,2025-06-04 13:28:35+00:00,14
15.042512781293528,88.81703650336215,2025-06-04 17:31:17.465000+00:00,2025-06-04 14:17:16+00:00,15
15.875629532253797,82.06853857142858,2025-06-04 17:31:19.023000+00:00,2025-06-04 14:02:07+00:00,16
15.017377461177707,85.19724574669188,2025-06-04 17:31:20.314000+00:00,2025-06-04 13:10:19+00:00,17
12.149334406041977,90.48813955637708,2025-06-04 17:31:21.833000+00:00,2025-06-04 14:39:50+00:00,18
11.41610619521876,90.465117260788,2025-06-04 17:31:23.185000+00:00,2025-06-04 14:41:59+00:00,19
14.715355922879649,88.58908840304183,2025-06-04 17:31:24.279000+00:00,2025-06-04 14:11:20+00:00,20
13.181891759403936,85.54533985102421,2025-06-04 17:31:25.305000+00:00,2025-06-04 13:12:41+00:00,21
14.042774460569971,83.96168886679921,2025-06-04 17:31:25.541000+00:00,2025-06-04 13:02:31+00:00,22
12.915647008644108,84.8060122525919,2025-06-04 17:31:25.821000+00:00,2025-06-04 13:02:45+00:00,23
13.559091677941128,90.74048964218456,2025-06-04 17:31:26.600000+00:00,2025-06-04 14:47:33+00:00,24
14.478948083036174,89.75269932104753,2025-06-04 17:31:26.967000+00:00,2025-06-04 14:35:22+00:00,25
13.91349860134309,88.53818155893536,2025-06-04 17:31:27.833000+00:00,2025-06-04 14:10:30+00:00,26
13.0015586695462,90.05725908667289,2025-06-04 17:31:28.561000+00:00,2025-06-04 14:33:40+00:00,27
17.794163841529873,87.70198603351955,2025-06-04 17:31:29.067000+00:00,2025-06-04 13:51:21+00:00,28
16.325569311574217,87.76573785517874,2025-06-04 17:31:29.580000+00:00,2025-06-04 13:49:02+00:00,29
14.072897682886154,86.51469971671388,2025-06-04 17:31:30.933000+00:00,2025-06-04 13:33:30+00:00,30
16.05140622547494,88.46430574488802,2025-06-04 17:31:31.158000+00:00,2025-06-04 14:14:04+00:00,31
15.678685694236515,87.0987221189591,2025-06-04 17:31:31.775000+00:00,2025-06-04 13:40:10+00:00,32
15.209411243837556,85.27231034482759,2025-06-04 17:31:32.708000+00:00,2025-06-04 13:15:17+00:00,33
12.019385554875512,88.94694455066922,2025-06-04 17:31:33.496000+00:00,2025-06-04 14:18:52+00:00,34
15.5653185493796,91.12016367076632,2025-06-04 17:31:33.987000+00:00,2025-06-04 14:55:08+00:00,35
12.22293856042944,87.84877037037037,2025-06-04 17:31:34.328000+00:00,2025-06-04 13:52:51+00:00,36
16.36544221590432,88.97335359116022,2025-06-04 17:31:35.938000+00:00,2025-06-04 14:12:01+00:00,37
12.456496298593532,85.25487719298246,2025-06-04 17:31:36.496000+00:00,2025-06-04 13:19:28+00:00,38
13.56122485667392,86.09024137931034,2025-06-04 17:31:37.788000+00:00,2025-06-04 13:29:36+00:00,39
15.783035708980565,91.27649526515152,2025-06-04 17:31:38.021000+00:00,2025-06-04 14:58:06+00:00,40
16.1479551838398,89.99423232323232,2025-06-04 17:31:38.281000+00:00,2025-06-04 14:30:02+00:00,41
12.537537033952807,90.4735381083563,2025-06-04 17:31:39.317000+00:00,2025-06-04 14:38:45+00:00,42
14.495544650537576,89.4893543956044,2025-06-04 17:31:40.625000+00:00,2025-06-04 14:20:23+00:00,44
16.135581470630996,85.7229364448858,2025-06-04 17:31:42.003000+00:00,2025-06-04 13:32:05+00:00,45
16.38473086015666,84.96231844106464,2025-06-04 17:31:42.641000+00:00,2025-06-04 13:08:03+00:00,46
11.502883994601008,86.21889428571428,2025-06-04 17:31:43.774000+00:00,2025-06-04 14:50:57+00:00,47
13.974145898872544,88.48571252371917,2025-06-04 17:31:45.059000+00:00,2025-06-04 14:09:29+00:00,48
16.21188515658385,88.74501933701657,2025-06-04 17:31:45.909000+00:00,2025-06-04 14:08:03+00:00,49
14.30279444171762,89.373826171875,2025-06-04 17:31:46.202000+00:00,2025-06-04 14:30:25+00:00,50
13.080557372971832,86.92422660098522,2025-06-04 17:32:52.910000+00:00,2025-06-04 13:51:41+00:00,1
13.434514793487866,91.56596630236794,2025-06-04 17:32:54.569000+00:00,2025-06-04 14:58:34+00:00,2
14.844468519167185,87.66573275862069,2025-06-04 17:32:55.975000+00:00,2025-06-04 13:58:19+00:00,3
15.693815183812498,91.20589252336448,2025-06-04 17:32:56.695000+00:00,2025-06-04 14:56:07+00:00,4
15.816585761688303,87.77165816808309,2025-06-04 17:32:57.814000+00:00,2025-06-04 13:57:08+00:00,5
14.023900527912836,83.91300597014926,2025-06-04 17:32:58.429000+00:00,2025-06-04 13:03:31+00:00,6
14.88790683144954,86.26631805157594,2025-06-04 17:32:59.165000+00:00,2025-06-04 13:33:20+00:00,8
11.532852794542093,88.67760117302052,2025-06-04 17:33:00.814000+00:00,2025-06-04 14:19:58+00:00,9
12.923391003524456,88.76652087286527,2025-06-04 17:33:02.087000+00:00,2025-06-04 14:15:42+00:00,10
15.17108949188083,86.2009570200573,2025-06-04 17:33:03.598000+00:00,2025-06-04 13:32:16+00:00,11
14.48070499576879,85.93437229862475,2025-06-04 17:33:03.809000+00:00,2025-06-04 13:34:25+00:00,12
13.98316637306229,90.62272607879925,2025-06-04 17:33:04.174000+00:00,2025-06-04 14:46:28+00:00,13
13.645462947504509,86.02847523809524,2025-06-04 17:33:05.101000+00:00,2025-06-04 13:28:35+00:00,14
15.029799902870964,88.55940311587148,2025-06-04 17:33:05.493000+00:00,2025-06-04 14:17:16+00:00,15
15.861098289519326,81.91523857142857,2025-06-04 17:33:06.333000+00:00,2025-06-04 14:02:07+00:00,16
14.996696250077829,84.57176125244618,2025-06-04 17:33:06.660000+00:00,2025-06-04 13:10:19+00:00,17
12.139515037569426,90.2738868101029,2025-06-04 17:33:07.215000+00:00,2025-06-04 14:39:50+00:00,18
11.40663011918039,90.50915804066544,2025-06-04 17:33:08.091000+00:00,2025-06-04 14:41:59+00:00,19
14.702235226357182,88.4453425572519,2025-06-04 17:33:09.281000+00:00,2025-06-04 14:11:20+00:00,20
13.161810085093016,84.92881292189007,2025-06-04 17:33:09.821000+00:00,2025-06-04 13:12:41+00:00,21
14.021018710515095,84.722115710254,2025-06-04 17:33:11.391000+00:00,2025-06-04 13:02:31+00:00,22
24.7407813144864,84.97468055555555,2025-06-04 17:33:12.345000+00:00,2025-06-04 13:02:45+00:00,23
13.550166743724082,90.44174230769232,2025-06-04 17:33:13.588000+00:00,2025-06-04 14:47:33+00:00,24
14.468434874319268,89.67811025145068,2025-06-04 17:33:14.834000+00:00,2025-06-04 14:35:22+00:00,25
13.899715690709533,88.08387561214495,2025-06-04 17:33:16.363000+00:00,2025-06-04 14:10:30+00:00,26
12.99065745725725,89.99343175487465,2025-06-04 17:33:17.074000+00:00,2025-06-04 14:33:40+00:00,27
14.724070027759362,87.86059799453054,2025-06-04 17:33:17.924000+00:00,2025-06-04 13:51:21+00:00,28
16.309188660591573,87.34072624647224,2025-06-04 17:33:18.808000+00:00,2025-06-04 13:49:02+00:00,29
14.054280440578362,86.76163569457222,2025-06-04 17:33:20.102000+00:00,2025-06-04 13:33:30+00:00,30
16.037973539286632,88.93880388529139,2025-06-04 17:33:21.153000+00:00,2025-06-04 14:14:04+00:00,31
94.34287019178332,86.24122320550639,2025-06-04 17:33:22.676000+00:00,2025-06-04 13:40:10+00:00,32
15.188205924981997,84.86105180840664,2025-06-04 17:33:24.144000+00:00,2025-06-04 13:15:17+00:00,33
12.006384979340432,88.45408110781405,2025-06-04 17:33:24.924000+00:00,2025-06-04 14:18:52+00:00,34
15.55703130487914,91.14899347623486,2025-06-04 17:33:25.130000+00:00,2025-06-04 14:55:08+00:00,35
12.206498579903167,86.9858761061947,2025-06-04 17:33:26.364000+00:00,2025-06-04 13:52:51+00:00,36
16.351666074952874,88.85095664206642,2025-06-04 17:33:26.563000+00:00,2025-06-04 14:12:01+00:00,37
14.271898080502798,85.50053472882969,2025-06-04 17:33:26.938000+00:00,2025-06-04 13:19:28+00:00,38
13.542108469033291,86.4519,2025-06-04 17:33:27.948000+00:00,2025-06-04 13:29:36+00:00,39
15.775236344384725,90.99231400966184,2025-06-04 17:33:28.955000+00:00,2025-06-04 14:58:06+00:00,40
16.13647763954075,89.6548355263158,2025-06-04 17:33:29.255000+00:00,2025-06-04 14:30:02+00:00,41
12.527222776274623,90.3188975069252,2025-06-04 17:33:29.634000+00:00,2025-06-04 14:38:45+00:00,42
14.48296299638594,89.33952437902484,2025-06-04 17:33:30.937000+00:00,2025-06-04 14:20:23+00:00,44
16.11681864238164,86.3967323943662,2025-06-04 17:33:32.480000+00:00,2025-06-04 13:32:05+00:00,45
16.362543391679726,84.38123039215687,2025-06-04 17:33:34.145000+00:00,2025-06-04 13:08:03+00:00,46
11.493992071245314,86.06083857142858,2025-06-04 17:33:34.413000+00:00,2025-06-04 14:50:57+00:00,47
13.960154381580695,88.20218400770713,2025-06-04 17:33:35.133000+00:00,2025-06-04 14:09:29+00:00,48
16.197749540808015,88.02639708737864,2025-06-04 17:33:35.811000+00:00,2025-06-04 14:08:03+00:00,49
14.291396047387856,89.44078386167146,2025-06-04 17:33:37.144000+00:00,2025-06-04 14:30:25+00:00,50
13.066196633628495,87.29242300380228,2025-06-04 17:34:29.371000+00:00,2025-06-04 13:51:41+00:00,1
13.427721729886242,91.0469014354067,2025-06-04 17:34:29.988000+00:00,2025-06-04 14:58:34+00:00,2
14.83109138977146,87.85396722846443,2025-06-04 17:34:30.963000+00:00,2025-06-04 13:58:19+00:00,3
15.686721237871916,91.09162043111527,2025-06-04 17:34:32.241000+00:00,2025-06-04 14:56:07+00:00,4
15.779272468980343,87.16029921259843,2025-06-04 17:34:33.136000+00:00,2025-06-04 13:57:08+00:00,5
14.004577747403708,84.75851921274602,2025-06-04 17:34:33.660000+00:00,2025-06-04 13:03:31+00:00,6
14.871709952834076,86.26640891840607,2025-06-04 17:34:35.205000+00:00,2025-06-04 13:33:20+00:00,8
11.521746280554495,88.41404067460317,2025-06-04 17:34:36.647000+00:00,2025-06-04 14:19:58+00:00,9
12.911845879830182,88.8757670083877,2025-06-04 17:34:38.302000+00:00,2025-06-04 14:15:42+00:00,10
15.15473822354085,86.14885523809524,2025-06-04 17:34:39.702000+00:00,2025-06-04 13:32:16+00:00,11
14.46435680287879,85.64221015936255,2025-06-04 17:34:40.221000+00:00,2025-06-04 13:34:25+00:00,12
13.974957662302764,90.69724239631336,2025-06-04 17:34:41.492000+00:00,2025-06-04 14:46:28+00:00,13
13.628452512624378,86.14694746716698,2025-06-04 17:34:42.354000+00:00,2025-06-04 13:28:35+00:00,14
15.018364856661403,88.23570307845084,2025-06-04 17:34:42.647000+00:00,2025-06-04 14:17:16+00:00,15
15.847905601048248,81.77671571428571,2025-06-04 17:34:43.299000+00:00,2025-06-04 14:02:07+00:00,16
14.977547579887707,84.506046875,2025-06-04 17:34:44.808000+00:00,2025-06-04 13:10:19+00:00,17
12.130423319120244,90.08962606232296,2025-06-04 17:34:45.086000+00:00,2025-06-04 14:39:50+00:00,18
11.397863206963926,89.64340959040959,2025-06-04 17:34:45.947000+00:00,2025-06-04 14:41:59+00:00,19
14.68997122486346,88.32944455066922,2025-06-04 17:34:47.401000+00:00,2025-06-04 14:11:20+00:00,20
13.14285926701766,85.68993539581437,2025-06-04 17:34:47.761000+00:00,2025-06-04 13:12:41+00:00,21
14.00108086852654,84.68836269915651,2025-06-04 17:34:48.517000+00:00,2025-06-04 13:02:31+00:00,22
12.873793864475369,84.01112438785505,2025-06-04 17:34:49.642000+00:00,2025-06-04 13:02:45+00:00,23
13.542063965368657,90.26468283220174,2025-06-04 17:34:50.112000+00:00,2025-06-04 14:47:33+00:00,24
14.458978443906046,90.09241306347748,2025-06-04 17:34:51.547000+00:00,2025-06-04 14:35:22+00:00,25
13.887558609139198,88.17527772420443,2025-06-04 17:34:52.237000+00:00,2025-06-04 14:10:30+00:00,26
12.981042154667444,89.81862078651686,2025-06-04 17:34:53.713000+00:00,2025-06-04 14:33:40+00:00,27
14.70966074860433,87.58011018518519,2025-06-04 17:34:54.481000+00:00,2025-06-04 13:51:21+00:00,28
16.294589676139456,87.56527706422018,2025-06-04 17:34:55.848000+00:00,2025-06-04 13:49:02+00:00,29
14.03783886627386,85.69845113524185,2025-06-04 17:34:57.469000+00:00,2025-06-04 13:33:30+00:00,30
16.026110644371144,88.63829123468426,2025-06-04 17:34:58.773000+00:00,2025-06-04 14:14:04+00:00,31
15.64510487881848,86.96668455134136,2025-06-04 17:34:59.014000+00:00,2025-06-04 13:40:10+00:00,32
15.170192397682996,85.29969811320754,2025-06-04 17:34:59.320000+00:00,2025-06-04 13:15:17+00:00,33
11.995241819283642,88.61913056092844,2025-06-04 17:34:59.819000+00:00,2025-06-04 14:18:52+00:00,34
15.549991447301094,91.23180987202925,2025-06-04 17:35:00.400000+00:00,2025-06-04 14:55:08+00:00,35
12.19253313467559,86.81482294757666,2025-06-04 17:35:01.214000+00:00,2025-06-04 13:52:51+00:00,36
16.339858168555413,88.15128988326848,2025-06-04 17:35:01.474000+00:00,2025-06-04 14:12:01+00:00,37
14.254056066086802,85.82758687615527,2025-06-04 17:35:02.551000+00:00,2025-06-04 13:19:28+00:00,38
13.52540030664097,85.74256921587609,2025-06-04 17:35:03.926000+00:00,2025-06-04 13:29:36+00:00,39
15.768419524029582,90.96097504798465,2025-06-04 17:35:04.664000+00:00,2025-06-04 14:58:06+00:00,40
26.47640000627117,89.09222986247545,2025-06-04 17:35:06.110000+00:00,2025-06-04 14:30:02+00:00,41
12.518113918517288,90.36289253187614,2025-06-04 17:35:06.544000+00:00,2025-06-04 14:38:45+00:00,42
14.471851732746744,88.42015262636274,2025-06-04 17:35:07.066000+00:00,2025-06-04 14:20:23+00:00,44
16.10059048072856,85.80072541382668,2025-06-04 17:35:07.655000+00:00,2025-06-04 13:32:05+00:00,45
16.344092701187247,84.51696714975846,2025-06-04 17:35:07.939000+00:00,2025-06-04 13:08:03+00:00,46
11.48645087266644,85.92652142857143,2025-06-04 17:35:08.435000+00:00,2025-06-04 14:50:57+00:00,47
13.948180461749493,88.52051162790697,2025-06-04 17:35:09.450000+00:00,2025-06-04 14:09:29+00:00,48
16.185523522008573,87.8165862745098,2025-06-04 17:35:10.082000+00:00,2025-06-04 14:08:03+00:00,49
14.28183204441359,89.23747281553398,2025-06-04 17:35:10.403000+00:00,2025-06-04 14:30:25+00:00,50
13.049590830009343,86.5332047952048,2025-06-04 17:36:21.262000+00:00,2025-06-04 13:51:41+00:00,1
13.419629763885307,90.64361660079052,2025-06-04 17:36:22.660000+00:00,2025-06-04 14:58:34+00:00,2
14.815156426675502,88.01820970695971,2025-06-04 17:36:23.115000+00:00,2025-06-04 13:58:19+00:00,3
15.678432896197846,91.1925412087912,2025-06-04 17:36:24.745000+00:00,2025-06-04 14:56:07+00:00,4
15.76341492525501,87.11277277179236,2025-06-04 17:36:25.859000+00:00,2025-06-04 13:57:08+00:00,5
13.98135645310997,84.75230446927374,2025-06-04 17:36:27.025000+00:00,2025-06-04 13:03:31+00:00,6
14.852616970179415,85.48374129353233,2025-06-04 17:36:28.840000+00:00,2025-06-04 13:33:20+00:00,8
11.50853790676186,88.91696898496241,2025-06-04 17:36:30.345000+00:00,2025-06-04 14:19:58+00:00,9
12.898356966801565,88.72879700654818,2025-06-04 17:36:30.916000+00:00,2025-06-04 14:15:42+00:00,10
15.135633991893044,85.9893776290631,2025-06-04 17:36:31.111000+00:00,2025-06-04 13:32:16+00:00,11
14.445452953022883,86.61049585253457,2025-06-04 17:36:32.612000+00:00,2025-06-04 13:34:25+00:00,12
13.965465717072505,90.43513964386128,2025-06-04 17:36:33.706000+00:00,2025-06-04 14:46:28+00:00,13
13.60878291609888,86.17159386617101,2025-06-04 17:36:34.365000+00:00,2025-06-04 13:28:35+00:00,14
15.00502407324139,88.66422938388625,2025-06-04 17:36:35.238000+00:00,2025-06-04 14:17:16+00:00,15
15.832514259337524,81.61488571428572,2025-06-04 17:36:36.580000+00:00,2025-06-04 14:02:07+00:00,16
14.955435462961578,85.10888630009319,2025-06-04 17:36:37.165000+00:00,2025-06-04 13:10:19+00:00,17
12.119924572767742,89.61012144955926,2025-06-04 17:36:38.066000+00:00,2025-06-04 14:39:50+00:00,18
11.387544655953814,90.20559439252337,2025-06-04 17:36:39.014000+00:00,2025-06-04 14:41:59+00:00,19
14.675809270701224,88.03818155339806,2025-06-04 17:36:40.673000+00:00,2025-06-04 14:11:20+00:00,20
13.120781847626851,84.89911630123927,2025-06-04 17:36:41.827000+00:00,2025-06-04 13:12:41+00:00,21
13.977408297472683,84.5374840225564,2025-06-04 17:36:43.117000+00:00,2025-06-04 13:02:31+00:00,22
12.850352819660635,84.4917537735849,2025-06-04 17:36:43.741000+00:00,2025-06-04 13:02:45+00:00,23
13.53244339633154,90.43109613572102,2025-06-04 17:36:45.607000+00:00,2025-06-04 14:47:33+00:00,24
14.447652956957423,89.35969892473118,2025-06-04 17:36:47.028000+00:00,2025-06-04 14:35:22+00:00,25
13.872974058364232,87.79326824457594,2025-06-04 17:36:47.626000+00:00,2025-06-04 14:10:30+00:00,26
12.96950691973061,89.65347269303201,2025-06-04 17:36:48.012000+00:00,2025-06-04 14:33:40+00:00,27
14.692701282647072,87.47424907407408,2025-06-04 17:36:48.811000+00:00,2025-06-04 13:51:21+00:00,28
16.27740693981977,87.0693036896878,2025-06-04 17:36:49.746000+00:00,2025-06-04 13:49:02+00:00,29
14.018657335663177,85.87952998065764,2025-06-04 17:36:50.566000+00:00,2025-06-04 13:33:30+00:00,30
16.012148258067867,88.35585550239234,2025-06-04 17:36:52.131000+00:00,2025-06-04 14:14:04+00:00,31
15.626658290804386,86.49860171102662,2025-06-04 17:36:53.471000+00:00,2025-06-04 13:40:10+00:00,32
15.148354774801152,85.71672702456779,2025-06-04 17:36:54.317000+00:00,2025-06-04 13:15:17+00:00,33
11.98173307538284,88.16435358565737,2025-06-04 17:36:54.989000+00:00,2025-06-04 14:18:52+00:00,34
15.541457101493792,90.65667757459096,2025-06-04 17:36:55.712000+00:00,2025-06-04 14:55:08+00:00,35
12.175602980524816,87.60807465437787,2025-06-04 17:36:56.239000+00:00,2025-06-04 13:52:51+00:00,36
16.325419002606154,88.38855335221908,2025-06-04 17:36:57.522000+00:00,2025-06-04 14:12:01+00:00,37
14.2322790127882,84.67150793650794,2025-06-04 17:36:59.120000+00:00,2025-06-04 13:19:28+00:00,38
13.505181623056025,85.78224616858238,2025-06-04 17:36:59.335000+00:00,2025-06-04 13:29:36+00:00,39
15.760241606579768,90.58871174728527,2025-06-04 17:36:59.635000+00:00,2025-06-04 14:58:06+00:00,40
16.114506248879266,89.44588240827846,2025-06-04 17:37:01.027000+00:00,2025-06-04 14:30:02+00:00,41
12.507204792129574,89.684350048216,2025-06-04 17:37:02.329000+00:00,2025-06-04 14:38:45+00:00,42
14.458544453653197,88.76167142857143,2025-06-04 17:37:03.245000+00:00,2025-06-04 14:20:23+00:00,44
16.08057491357825,85.71508551992225,2025-06-04 17:37:04.177000+00:00,2025-06-04 13:32:05+00:00,45
13.141758248043791,84.46335129932628,2025-06-04 17:37:05.578000+00:00,2025-06-04 13:08:03+00:00,46
11.476970389899844,85.75737714285714,2025-06-04 17:37:06.836000+00:00,2025-06-04 14:50:57+00:00,47
13.933127353545828,87.79799608227228,2025-06-04 17:37:07.246000+00:00,2025-06-04 14:09:29+00:00,48
16.170315176068836,87.76016585365853,2025-06-04 17:37:08.830000+00:00,2025-06-04 14:08:03+00:00,49
14.26957631955567,89.0477311827957,2025-06-04 17:37:09.171000+00:00,2025-06-04 14:30:25+00:00,50
13.0375655855846,87.05930916030535,2025-06-04 17:37:42.844000+00:00,2025-06-04 13:51:41+00:00,1
13.41382171269574,90.60970009832842,2025-06-04 17:37:43.935000+00:00,2025-06-04 14:58:34+00:00,2
14.803719028784238,87.06686247544204,2025-06-04 17:37:44.934000+00:00,2025-06-04 13:58:19+00:00,3
15.67243082683878,90.7635961904762,2025-06-04 17:37:45.224000+00:00,2025-06-04 14:56:07+00:00,4
15.751931563023277,86.95712413793103,2025-06-04 17:37:46.519000+00:00,2025-06-04 13:57:08+00:00,5
13.9648353776834,84.0840338491296,2025-06-04 17:37:48.109000+00:00,2025-06-04 13:03:31+00:00,6
14.83891292268221,86.46742804428044,2025-06-04 17:37:49.308000+00:00,2025-06-04 13:33:20+00:00,8
11.499256737433072,88.83145719661336,2025-06-04 17:37:50.161000+00:00,2025-06-04 14:19:58+00:00,9
15.122141325538232,85.88647796934866,2025-06-04 17:37:50.517000+00:00,2025-06-04 13:32:16+00:00,11
14.432101816085378,85.6661638861629,2025-06-04 17:37:51.179000+00:00,2025-06-04 13:34:25+00:00,12
13.9587618869595,89.8277428288823,2025-06-04 17:37:52.152000+00:00,2025-06-04 14:46:28+00:00,13
13.594890972444924,85.58914643545279,2025-06-04 17:37:53.466000+00:00,2025-06-04 13:28:35+00:00,14
14.995685269382982,88.567383665717,2025-06-04 17:37:54.545000+00:00,2025-06-04 14:17:16+00:00,15
15.82160357651108,81.50116,2025-06-04 17:37:56.188000+00:00,2025-06-04 14:02:07+00:00,16
14.939760534913193,85.24010661764706,2025-06-04 17:37:57.764000+00:00,2025-06-04 13:10:19+00:00,17
12.112389102863682,89.8198361904762,2025-06-04 17:37:59.172000+00:00,2025-06-04 14:39:50+00:00,18
11.380203440395954,89.6351923454367,2025-06-04 17:38:00.739000+00:00,2025-06-04 14:41:59+00:00,19
14.665644545444948,88.12094348659004,2025-06-04 17:38:01.735000+00:00,2025-06-04 14:11:20+00:00,20
13.105074707064086,85.27118871415357,2025-06-04 17:38:02.845000+00:00,2025-06-04 13:12:41+00:00,21
13.960712629063266,84.59167381174278,2025-06-04 17:38:04.134000+00:00,2025-06-04 13:02:31+00:00,22
12.83367553470653,83.89895224171539,2025-06-04 17:38:04.675000+00:00,2025-06-04 13:02:45+00:00,23
13.52574206902584,90.4104854732896,2025-06-04 17:38:05.012000+00:00,2025-06-04 14:47:33+00:00,24
14.440027633192477,89.63727221172023,2025-06-04 17:38:05.766000+00:00,2025-06-04 14:35:22+00:00,25
13.862815017943824,87.88209824902724,2025-06-04 17:38:07.203000+00:00,2025-06-04 14:10:30+00:00,26
12.961471920184817,89.17997262952102,2025-06-04 17:38:08.888000+00:00,2025-06-04 14:33:40+00:00,27
14.680635389890174,87.5836961678832,2025-06-04 17:38:09.269000+00:00,2025-06-04 13:51:21+00:00,28
16.265182206469156,87.21092,2025-06-04 17:38:10.261000+00:00,2025-06-04 13:49:02+00:00,29
14.004889884672822,86.54288909257562,2025-06-04 17:38:11.708000+00:00,2025-06-04 13:33:30+00:00,30
16.002337372777454,88.73155565777368,2025-06-04 17:38:12.799000+00:00,2025-06-04 14:14:04+00:00,31
15.613696518780682,86.0516318359375,2025-06-04 17:38:13.129000+00:00,2025-06-04 13:40:10+00:00,32
15.133143575399124,84.45571231527094,2025-06-04 17:38:14.452000+00:00,2025-06-04 13:15:17+00:00,33
11.972323434129402,88.38565339805825,2025-06-04 17:38:14.777000+00:00,2025-06-04 14:18:52+00:00,34
15.535438078877275,90.56996435452794,2025-06-04 17:38:16.377000+00:00,2025-06-04 14:55:08+00:00,35
12.16366264773712,87.20260170293282,2025-06-04 17:38:17.850000+00:00,2025-06-04 13:52:51+00:00,36
16.315323214447286,88.25626660341555,2025-06-04 17:38:18.895000+00:00,2025-06-04 14:12:01+00:00,37
14.21718266507015,85.51091697761194,2025-06-04 17:38:20.297000+00:00,2025-06-04 13:19:28+00:00,38
13.49087022006048,86.21811911357341,2025-06-04 17:38:21.777000+00:00,2025-06-04 13:29:36+00:00,39
15.754331486570347,91.02951399253732,2025-06-04 17:38:22.361000+00:00,2025-06-04 14:58:06+00:00,40
16.106094908129787,89.61319301470589,2025-06-04 17:38:22.846000+00:00,2025-06-04 14:30:02+00:00,41
12.499577208322078,89.66547746883988,2025-06-04 17:38:23.907000+00:00,2025-06-04 14:38:45+00:00,42
16.066699703577626,86.12159906103287,2025-06-04 17:38:25.497000+00:00,2025-06-04 13:32:05+00:00,45
16.30433421386152,84.66539697542532,2025-06-04 17:38:27.010000+00:00,2025-06-04 13:08:03+00:00,46
11.47037348628148,85.64052857142858,2025-06-04 17:38:28.630000+00:00,2025-06-04 14:50:57+00:00,47
13.922524989842731,88.2132030075188,2025-06-04 17:38:30.152000+00:00,2025-06-04 14:09:29+00:00,48
16.159732604374945,88.2862319109462,2025-06-04 17:38:30.442000+00:00,2025-06-04 14:08:03+00:00,49
14.261119909755685,89.53963113994439,2025-06-04 17:38:31.738000+00:00,2025-06-04 14:30:25+00:00,50
13.026865784066212,86.97847755491881,2025-06-04 17:38:54.534000+00:00,2025-06-04 13:51:41+00:00,1
13.408725645525353,90.96634741784038,2025-06-04 17:38:54.840000+00:00,2025-06-04 14:58:34+00:00,2
14.793683696257146,86.97198228346457,2025-06-04 17:38:55.466000+00:00,2025-06-04 13:58:19+00:00,3
15.667164529487671,91.10249453551911,2025-06-04 17:38:56.461000+00:00,2025-06-04 14:56:07+00:00,4
15.741713932673978,86.98915542521995,2025-06-04 17:38:58.094000+00:00,2025-06-04 13:57:08+00:00,5
13.950543835860564,84.13861900191938,2025-06-04 17:38:58.559000+00:00,2025-06-04 13:03:31+00:00,6
14.826888823763383,86.4891622364803,2025-06-04 17:39:00.324000+00:00,2025-06-04 13:33:20+00:00,8
11.491011591313162,88.4830887174542,2025-06-04 17:39:01.037000+00:00,2025-06-04 14:19:58+00:00,9
12.88013903567228,88.43669383886255,2025-06-04 17:39:01.288000+00:00,2025-06-04 14:15:42+00:00,10
15.11000314893286,85.63928322017459,2025-06-04 17:39:01.899000+00:00,2025-06-04 13:32:16+00:00,11
14.419921721165194,86.48388489871087,2025-06-04 17:39:03.501000+00:00,2025-06-04 13:34:25+00:00,12
13.952646059098296,89.92568093385214,2025-06-04 17:39:04.400000+00:00,2025-06-04 14:46:28+00:00,13
13.582217515409177,86.17267525298988,2025-06-04 17:39:05.302000+00:00,2025-06-04 13:28:35+00:00,14
14.987283974051392,88.38941514860979,2025-06-04 17:39:05.840000+00:00,2025-06-04 14:17:16+00:00,15
15.812047414607854,81.40035857142857,2025-06-04 17:39:06.749000+00:00,2025-06-04 14:02:07+00:00,16
14.926031596531402,84.06265217391305,2025-06-04 17:39:07.596000+00:00,2025-06-04 13:10:19+00:00,17
12.10596374186104,89.96374253731344,2025-06-04 17:39:08.868000+00:00,2025-06-04 14:39:50+00:00,18
11.37394371903986,90.17517652495378,2025-06-04 17:39:09.459000+00:00,2025-06-04 14:41:59+00:00,19
14.65710293894547,87.59230348258707,2025-06-04 17:39:09.735000+00:00,2025-06-04 14:11:20+00:00,20
13.09168152356693,85.12540279069768,2025-06-04 17:39:11.192000+00:00,2025-06-04 13:12:41+00:00,21
13.946889372957449,84.55777953488372,2025-06-04 17:39:11.387000+00:00,2025-06-04 13:02:31+00:00,22
12.819661320101533,84.09676797698945,2025-06-04 17:39:12.071000+00:00,2025-06-04 13:02:45+00:00,23
13.520040475664771,90.2365345971564,2025-06-04 17:39:13.456000+00:00,2025-06-04 14:47:33+00:00,24
14.4333736247751,89.32064569215876,2025-06-04 17:39:13.773000+00:00,2025-06-04 14:35:22+00:00,25
13.854298718980203,88.47768077276909,2025-06-04 17:39:14.761000+00:00,2025-06-04 14:10:30+00:00,26
12.954736202095017,89.30343900096061,2025-06-04 17:39:15.120000+00:00,2025-06-04 14:33:40+00:00,27
14.670645397098466,86.68404284323272,2025-06-04 17:39:16.488000+00:00,2025-06-04 13:51:21+00:00,28
16.25506070498957,87.1837680890538,2025-06-04 17:39:17.898000+00:00,2025-06-04 13:49:02+00:00,29
13.993491090250746,85.77743490838958,2025-06-04 17:39:18.800000+00:00,2025-06-04 13:33:30+00:00,30
15.9939901415089,88.30376543209877,2025-06-04 17:39:20.135000+00:00,2025-06-04 14:14:04+00:00,31
15.602668475521186,86.57498971000936,2025-06-04 17:39:21.336000+00:00,2025-06-04 13:40:10+00:00,32
15.120392097678549,85.46332201834862,2025-06-04 17:39:21.979000+00:00,2025-06-04 13:15:17+00:00,33
11.964317592723962,88.19413150147203,2025-06-04 17:39:22.180000+00:00,2025-06-04 14:18:52+00:00,34
15.530454624030266,90.97453846153846,2025-06-04 17:39:23.804000+00:00,2025-06-04 14:55:08+00:00,35
12.153629027165453,87.06547668886775,2025-06-04 17:39:25.184000+00:00,2025-06-04 13:52:51+00:00,36
16.306964404520638,88.15898858230257,2025-06-04 17:39:25.903000+00:00,2025-06-04 14:12:01+00:00,37
14.204870280593944,85.59660941828255,2025-06-04 17:39:26.872000+00:00,2025-06-04 13:19:28+00:00,38
13.47934029875262,85.70845567206864,2025-06-04 17:39:27.830000+00:00,2025-06-04 13:29:36+00:00,39
15.749556056541955,90.78637488106564,2025-06-04 17:39:29.520000+00:00,2025-06-04 14:58:06+00:00,40
16.099130747430173,89.33587054409006,2025-06-04 17:39:29.962000+00:00,2025-06-04 14:30:02+00:00,41
12.493167662911738,89.4390623174294,2025-06-04 17:39:31.083000+00:00,2025-06-04 14:38:45+00:00,42
14.44142155475584,88.06274025974025,2025-06-04 17:39:32.197000+00:00,2025-06-04 14:20:23+00:00,44
16.055040215798993,86.35248713235293,2025-06-04 17:39:33.494000+00:00,2025-06-04 13:32:05+00:00,45
16.29079266754537,83.8372867063492,2025-06-04 17:39:35.015000+00:00,2025-06-04 13:08:03+00:00,46
11.46497817244848,85.54514428571429,2025-06-04 17:39:35.399000+00:00,2025-06-04 14:50:57+00:00,47
13.914086126770698,87.83016795366795,2025-06-04 17:39:36.946000+00:00,2025-06-04 14:09:29+00:00,48
16.15094836221559,87.68634044616877,2025-06-04 17:39:38.383000+00:00,2025-06-04 14:08:03+00:00,49
14.254100526860835,89.05090067502411,2025-06-04 17:39:39.216000+00:00,2025-06-04 14:30:25+00:00,50
13.012733074050306,86.59279394531251,2025-06-04 17:40:29.979000+00:00,2025-06-04 13:51:41+00:00,1
13.401756015794664,91.08528348623854,2025-06-04 17:40:31.041000+00:00,2025-06-04 14:58:34+00:00,2
14.779958892539458,87.22866954022989,2025-06-04 17:40:32.269000+00:00,2025-06-04 13:58:19+00:00,3
15.659962090907356,90.92338914443422,2025-06-04 17:40:33.276000+00:00,2025-06-04 14:56:07+00:00,4
15.728218116152885,87.80197270245678,2025-06-04 17:40:33.632000+00:00,2025-06-04 13:57:08+00:00,5
18.84211396378051,83.78250731707317,2025-06-04 17:40:33.930000+00:00,2025-06-04 13:03:31+00:00,6
14.81095301674117,86.36541176470588,2025-06-04 17:40:34.432000+00:00,2025-06-04 13:33:20+00:00,8
11.48008411953831,88.81274349442378,2025-06-04 17:40:35.488000+00:00,2025-06-04 14:19:58+00:00,9
12.868780348856776,88.78290419708028,2025-06-04 17:40:35.937000+00:00,2025-06-04 14:15:42+00:00,10
15.093744920641877,85.99578853383458,2025-06-04 17:40:36.481000+00:00,2025-06-04 13:32:16+00:00,11
14.40417273107862,85.89127316141357,2025-06-04 17:40:36.837000+00:00,2025-06-04 13:34:25+00:00,12
13.944653153483909,90.38627506899724,2025-06-04 17:40:38.119000+00:00,2025-06-04 14:46:28+00:00,13
13.56583061688671,85.98348100092679,2025-06-04 17:40:38.824000+00:00,2025-06-04 13:28:35+00:00,14
14.97614957326585,88.01179469548134,2025-06-04 17:40:39.993000+00:00,2025-06-04 14:17:16+00:00,15
15.79906486918908,81.26469428571428,2025-06-04 17:40:41.714000+00:00,2025-06-04 14:02:07+00:00,16
14.907380124098852,84.69443867924528,2025-06-04 17:40:42.895000+00:00,2025-06-04 13:10:19+00:00,17
12.097108107554776,90.03354820936639,2025-06-04 17:40:43.466000+00:00,2025-06-04 14:39:50+00:00,18
11.36531637814226,89.89088878416588,2025-06-04 17:40:44.767000+00:00,2025-06-04 14:41:59+00:00,19
14.644905957317643,87.8823481195757,2025-06-04 17:40:46.005000+00:00,2025-06-04 14:11:20+00:00,20
13.073028222403709,84.27521505376345,2025-06-04 17:40:47.455000+00:00,2025-06-04 13:12:41+00:00,21
13.92685599803822,83.3693545816733,2025-06-04 17:40:48.168000+00:00,2025-06-04 13:02:31+00:00,22
12.7996497566982,83.54543984220908,2025-06-04 17:40:49.924000+00:00,2025-06-04 13:02:45+00:00,23
13.51189890285816,89.77591445427728,2025-06-04 17:40:50.895000+00:00,2025-06-04 14:47:33+00:00,24
14.423774040636408,89.4403918406072,2025-06-04 17:40:51.827000+00:00,2025-06-04 14:35:22+00:00,25
13.84182915940804,88.39812132352941,2025-06-04 17:40:52.844000+00:00,2025-06-04 14:10:30+00:00,26
12.94477307408364,88.93188669950739,2025-06-04 17:40:54.135000+00:00,2025-06-04 14:33:40+00:00,27
16.240240827807003,87.00856302521008,2025-06-04 17:40:55.829000+00:00,2025-06-04 13:49:02+00:00,29
15.982193725788235,88.47460538532962,2025-06-04 17:40:56.850000+00:00,2025-06-04 14:14:04+00:00,31
15.586921068424983,86.40786077140169,2025-06-04 17:40:58.444000+00:00,2025-06-04 13:40:10+00:00,32
15.101721447600909,85.30657419354839,2025-06-04 17:40:59.367000+00:00,2025-06-04 13:15:17+00:00,33
11.952649868550075,88.1552109375,2025-06-04 17:41:01.064000+00:00,2025-06-04 14:18:52+00:00,34
15.52308337896845,90.73152048417133,2025-06-04 17:41:02.347000+00:00,2025-06-04 14:55:08+00:00,35
12.139153828978486,86.90933938814531,2025-06-04 17:41:03.831000+00:00,2025-06-04 13:52:51+00:00,36
16.29460053535935,88.3962849213691,2025-06-04 17:41:04.616000+00:00,2025-06-04 14:12:01+00:00,37
14.186382702023026,84.4113813306852,2025-06-04 17:41:05.739000+00:00,2025-06-04 13:19:28+00:00,38
13.46202762987745,85.4197922705314,2025-06-04 17:41:06.515000+00:00,2025-06-04 13:29:36+00:00,39
15.742563919487964,90.97640221402214,2025-06-04 17:41:07.580000+00:00,2025-06-04 14:58:06+00:00,40
78.02107990783492,88.84561673151751,2025-06-04 17:41:08.706000+00:00,2025-06-04 14:30:02+00:00,41
12.483920831080887,89.80949068901303,2025-06-04 17:41:09.607000+00:00,2025-06-04 14:38:45+00:00,42
14.43002684058349,88.03565342601787,2025-06-04 17:41:11.097000+00:00,2025-06-04 14:20:23+00:00,44
16.03804774282579,85.052964,2025-06-04 17:41:12.036000+00:00,2025-06-04 13:32:05+00:00,45
16.27145623870471,84.53809528301886,2025-06-04 17:41:12.619000+00:00,2025-06-04 13:08:03+00:00,46
11.457078427848083,85.40496428571429,2025-06-04 17:41:13.525000+00:00,2025-06-04 14:50:57+00:00,47
110.2871202180368,87.76021579961464,2025-06-04 17:41:13.896000+00:00,2025-06-04 14:09:29+00:00,48
16.13853445141457,88.11196282527881,2025-06-04 17:41:14.528000+00:00,2025-06-04 14:08:03+00:00,49
14.24418072333608,88.91496611810261,2025-06-04 17:41:15.840000+00:00,2025-06-04 14:30:25+00:00,50
12.998136905816011,87.37334337899543,2025-06-04 17:42:07.189000+00:00,2025-06-04 13:51:41+00:00,1
28.24279638455573,90.62640687679084,2025-06-04 17:42:08.152000+00:00,2025-06-04 14:58:34+00:00,2
14.766359602960565,87.6677943067034,2025-06-04 17:42:08.772000+00:00,2025-06-04 13:58:19+00:00,3
15.652825522595093,90.71522273998136,2025-06-04 17:42:09.566000+00:00,2025-06-04 14:56:07+00:00,4
15.714422064809568,87.36894761459308,2025-06-04 17:42:10.595000+00:00,2025-06-04 13:57:08+00:00,5
13.911075419911304,83.51047633136095,2025-06-04 17:42:11.377000+00:00,2025-06-04 13:03:31+00:00,6
14.794319677876816,85.08236863136864,2025-06-04 17:42:12.549000+00:00,2025-06-04 13:33:20+00:00,8
11.468561889535914,88.0431645320197,2025-06-04 17:42:14.188000+00:00,2025-06-04 14:19:58+00:00,9
12.85668238324577,88.17432729007633,2025-06-04 17:42:15.305000+00:00,2025-06-04 14:15:42+00:00,10
15.076610706907834,86.14921698984303,2025-06-04 17:42:16.398000+00:00,2025-06-04 13:32:16+00:00,11
14.387218468358611,85.82294184938036,2025-06-04 17:42:16.734000+00:00,2025-06-04 13:34:25+00:00,12
13.936140043290028,90.3031213235294,2025-06-04 17:42:18.204000+00:00,2025-06-04 14:46:28+00:00,13
13.548013129086328,85.0151781496063,2025-06-04 17:42:19.579000+00:00,2025-06-04 13:28:35+00:00,14
14.964171853711434,87.78089175769612,2025-06-04 17:42:20.642000+00:00,2025-06-04 14:17:16+00:00,15
17.855081037890436,81.12155714285714,2025-06-04 17:42:21.910000+00:00,2025-06-04 14:02:07+00:00,16
14.887527098067531,84.70089409559513,2025-06-04 17:42:23.146000+00:00,2025-06-04 13:10:19+00:00,17
12.087775368734292,89.85780648148148,2025-06-04 17:42:23.569000+00:00,2025-06-04 14:39:50+00:00,18
11.356224236782849,89.63062260536398,2025-06-04 17:42:24.630000+00:00,2025-06-04 14:41:59+00:00,19
14.632316748813984,88.12921180880974,2025-06-04 17:42:26.131000+00:00,2025-06-04 14:11:20+00:00,20
13.053574651132944,84.61342585551331,2025-06-04 17:42:27.676000+00:00,2025-06-04 13:12:41+00:00,21
13.906178416806307,84.10859413434248,2025-06-04 17:42:28.216000+00:00,2025-06-04 13:02:31+00:00,22
12.779201369596498,84.31443738317756,2025-06-04 17:42:28.552000+00:00,2025-06-04 13:02:45+00:00,23
13.503579615398412,89.73978592375366,2025-06-04 17:42:29.199000+00:00,2025-06-04 14:47:33+00:00,24
14.414064954027896,89.78300545950864,2025-06-04 17:42:30.477000+00:00,2025-06-04 14:35:22+00:00,25
12.934999666198967,89.50758888888889,2025-06-04 17:42:31.804000+00:00,2025-06-04 14:33:40+00:00,27
14.641223908200116,86.50538132295719,2025-06-04 17:42:33.468000+00:00,2025-06-04 13:51:21+00:00,28
16.225251930629632,86.422003875969,2025-06-04 17:42:34.492000+00:00,2025-06-04 13:49:02+00:00,29
13.959920590793102,86.23816942909761,2025-06-04 17:42:35.348000+00:00,2025-06-04 13:33:30+00:00,30
15.970014368027805,87.53787051792828,2025-06-04 17:42:35.978000+00:00,2025-06-04 14:14:04+00:00,31
15.570992620428568,86.48067843866171,2025-06-04 17:42:36.790000+00:00,2025-06-04 13:40:10+00:00,32
15.08302875024508,85.25679411764706,2025-06-04 17:42:37.608000+00:00,2025-06-04 13:15:17+00:00,33
10.128514840239248,88.66928081556998,2025-06-04 17:42:37.846000+00:00,2025-06-04 14:18:52+00:00,34
15.515927114675444,90.40986354961832,2025-06-04 17:42:38.463000+00:00,2025-06-04 14:55:08+00:00,35
12.12480953099525,87.32623345588235,2025-06-04 17:42:40.058000+00:00,2025-06-04 13:52:51+00:00,36
16.282597267801805,88.44643692870201,2025-06-04 17:42:40.598000+00:00,2025-06-04 14:12:01+00:00,37
14.1684343366721,84.6817759456838,2025-06-04 17:42:41.089000+00:00,2025-06-04 13:19:28+00:00,38
13.445395092454657,85.63348722800379,2025-06-04 17:42:41.404000+00:00,2025-06-04 13:29:36+00:00,39
15.73577796968976,90.123203,2025-06-04 17:42:42.797000+00:00,2025-06-04 14:58:06+00:00,40
16.07893349890534,88.98878476190477,2025-06-04 17:42:43.776000+00:00,2025-06-04 14:30:02+00:00,41
12.474946682853483,89.56558506616257,2025-06-04 17:42:44.611000+00:00,2025-06-04 14:38:45+00:00,42
14.419195092370956,88.39190726577438,2025-06-04 17:42:45.065000+00:00,2025-06-04 14:20:23+00:00,44
16.02189480606212,85.84994637817498,2025-06-04 17:42:46.507000+00:00,2025-06-04 13:32:05+00:00,45
11.449573150394276,85.27167857142857,2025-06-04 17:42:46.825000+00:00,2025-06-04 14:50:57+00:00,47
13.8894978664603,88.32172262773723,2025-06-04 17:42:48.392000+00:00,2025-06-04 14:09:29+00:00,48
16.12623580472208,87.27911549851925,2025-06-04 17:42:49.256000+00:00,2025-06-04 14:08:03+00:00,49
14.234456536751177,88.89944711538462,2025-06-04 17:42:49.575000+00:00,2025-06-04 14:30:25+00:00,50
13.386999665764208,90.4411310211946,2025-06-04 17:43:56.106000+00:00,2025-06-04 14:58:34+00:00,2
14.75090026842892,87.54528610855566,2025-06-04 17:43:57.274000+00:00,2025-06-04 13:58:19+00:00,3
15.64471285330672,90.46219034090907,2025-06-04 17:43:58.927000+00:00,2025-06-04 14:56:07+00:00,4
15.698758173294411,86.6285442043222,2025-06-04 17:44:00.142000+00:00,2025-06-04 13:57:08+00:00,5
13.888540170813286,83.95581220209723,2025-06-04 17:44:01.353000+00:00,2025-06-04 13:03:31+00:00,6
14.775626975004895,86.30017304189435,2025-06-04 17:44:02.410000+00:00,2025-06-04 13:33:20+00:00,8
11.455860431098088,88.4587068803016,2025-06-04 17:44:03.312000+00:00,2025-06-04 14:19:58+00:00,9
12.843479555311056,88.0131217641419,2025-06-04 17:44:04.314000+00:00,2025-06-04 14:15:42+00:00,10
15.057911699017271,85.14331170108161,2025-06-04 17:44:05.252000+00:00,2025-06-04 13:32:16+00:00,11
14.368545991538156,86.11512418906395,2025-06-04 17:44:06.781000+00:00,2025-06-04 13:34:25+00:00,12
13.926764189907257,89.7496125,2025-06-04 17:44:08.403000+00:00,2025-06-04 14:46:28+00:00,13
13.528584148484304,85.98280987202925,2025-06-04 17:44:09.806000+00:00,2025-06-04 13:28:35+00:00,14
27.76304873668257,87.93536248785229,2025-06-04 17:44:10.512000+00:00,2025-06-04 14:17:16+00:00,15
15.770177238622953,80.96409285714286,2025-06-04 17:44:12.135000+00:00,2025-06-04 14:02:07+00:00,16
14.865878522981603,84.683954333644,2025-06-04 17:44:13.117000+00:00,2025-06-04 13:10:19+00:00,17
12.077403351538935,89.90444434306569,2025-06-04 17:44:14.729000+00:00,2025-06-04 14:39:50+00:00,18
11.34602852519126,89.24538348082596,2025-06-04 17:44:16.445000+00:00,2025-06-04 14:41:59+00:00,19
14.61832564957004,87.37410770750988,2025-06-04 17:44:17.403000+00:00,2025-06-04 14:11:20+00:00,20
13.031954809114184,84.16194655004858,2025-06-04 17:44:18.357000+00:00,2025-06-04 13:12:41+00:00,21
13.88319827648162,83.17521691542288,2025-06-04 17:44:19.907000+00:00,2025-06-04 13:02:31+00:00,22
12.755832669993108,84.1645632614808,2025-06-04 17:44:21.411000+00:00,2025-06-04 13:02:45+00:00,23
13.494156412764278,90.15888126159555,2025-06-04 17:44:21.726000+00:00,2025-06-04 14:47:33+00:00,24
21.649959051521364,89.63394515539305,2025-06-04 17:44:22.464000+00:00,2025-06-04 14:35:22+00:00,25
13.81493208521402,87.57661277831559,2025-06-04 17:44:23.359000+00:00,2025-06-04 14:10:30+00:00,26
12.923600342284695,88.69126482213439,2025-06-04 17:44:24.440000+00:00,2025-06-04 14:33:40+00:00,27
14.624466695737476,86.07095119521912,2025-06-04 17:44:25.765000+00:00,2025-06-04 13:51:21+00:00,28
16.20827415051603,86.17958414872798,2025-06-04 17:44:26.465000+00:00,2025-06-04 13:49:02+00:00,29
13.940800310995574,86.08356469500924,2025-06-04 17:44:27.583000+00:00,2025-06-04 13:33:30+00:00,30
15.95609568250002,87.46281926514399,2025-06-04 17:44:28.941000+00:00,2025-06-04 14:14:04+00:00,31
15.552603811501308,86.57533241758242,2025-06-04 17:44:29.737000+00:00,2025-06-04 13:40:10+00:00,32
15.061448728506722,83.94316998011928,2025-06-04 17:44:30.171000+00:00,2025-06-04 13:15:17+00:00,33
11.927854822086378,87.73390159045725,2025-06-04 17:44:31.695000+00:00,2025-06-04 14:18:52+00:00,34
15.50741878011341,90.10253846153846,2025-06-04 17:44:32.693000+00:00,2025-06-04 14:55:08+00:00,35
12.107930827251783,86.44926705653022,2025-06-04 17:44:34.052000+00:00,2025-06-04 13:52:51+00:00,36
16.268326175783933,87.43510837438424,2025-06-04 17:44:34.365000+00:00,2025-06-04 14:12:01+00:00,37
14.147282233230936,84.92255450236966,2025-06-04 17:44:34.705000+00:00,2025-06-04 13:19:28+00:00,38
13.425412075765914,85.2886173076923,2025-06-04 17:44:35.838000+00:00,2025-06-04 13:29:36+00:00,39
15.727553491443215,90.4115642994242,2025-06-04 17:44:37.150000+00:00,2025-06-04 14:58:06+00:00,40
16.067043710610353,88.78414121037464,2025-06-04 17:44:37.709000+00:00,2025-06-04 14:30:02+00:00,41
12.46407014978254,89.20212391093901,2025-06-04 17:44:39.206000+00:00,2025-06-04 14:38:45+00:00,42
14.405927602839702,88.46899247412982,2025-06-04 17:44:40.461000+00:00,2025-06-04 14:20:23+00:00,44
16.002109559915922,85.92717270194986,2025-06-04 17:44:41.435000+00:00,2025-06-04 13:32:05+00:00,45
16.22931813663783,84.23549572649573,2025-06-04 17:44:43.023000+00:00,2025-06-04 13:08:03+00:00,46
11.44003881438554,85.10365857142857,2025-06-04 17:44:44.439000+00:00,2025-06-04 14:50:57+00:00,47
13.87461587045792,87.27499014778326,2025-06-04 17:44:44.885000+00:00,2025-06-04 14:09:29+00:00,48
16.111200371065895,87.24015210991168,2025-06-04 17:44:45.285000+00:00,2025-06-04 14:08:03+00:00,49
14.22233841294867,89.19252455977757,2025-06-04 17:44:46.266000+00:00,2025-06-04 14:30:25+00:00,50
12.966505190739907,86.78153766478343,2025-06-04 17:45:39.007000+00:00,2025-06-04 13:51:41+00:00,1
13.379572577751317,90.34143930635838,2025-06-04 17:45:39.586000+00:00,2025-06-04 14:58:34+00:00,2
14.736416721448215,86.807749516441,2025-06-04 17:45:39.787000+00:00,2025-06-04 13:58:19+00:00,3
15.637037699840224,90.38361720226844,2025-06-04 17:45:41.133000+00:00,2025-06-04 14:56:07+00:00,4
15.684358976397672,87.0256830652791,2025-06-04 17:45:41.853000+00:00,2025-06-04 13:57:08+00:00,5
13.867619198361565,83.30168836291914,2025-06-04 17:45:43.088000+00:00,2025-06-04 13:03:31+00:00,6
14.758273303523069,85.631165085389,2025-06-04 17:45:44.752000+00:00,2025-06-04 13:33:20+00:00,8
11.443843994241607,87.88191364082434,2025-06-04 17:45:46.330000+00:00,2025-06-04 14:19:58+00:00,9
12.830988795852994,88.21932803738318,2025-06-04 17:45:47.319000+00:00,2025-06-04 14:15:42+00:00,10
15.04039304137442,85.02797440944882,2025-06-04 17:45:47.578000+00:00,2025-06-04 13:32:16+00:00,11
14.35121113486333,85.85032645403378,2025-06-04 17:45:48.552000+00:00,2025-06-04 13:34:25+00:00,12
13.91814537538796,89.28132270916335,2025-06-04 17:45:49.552000+00:00,2025-06-04 14:46:28+00:00,13
14.939223337367196,88.20466069745524,2025-06-04 17:45:50.855000+00:00,2025-06-04 14:17:16+00:00,15
15.756599687228066,80.82244857142857,2025-06-04 17:45:51.286000+00:00,2025-06-04 14:02:07+00:00,16
14.846569397896417,84.08793840230992,2025-06-04 17:45:51.632000+00:00,2025-06-04 13:10:19+00:00,17
12.068235481206417,89.84339126478616,2025-06-04 17:45:52.113000+00:00,2025-06-04 14:39:50+00:00,18
11.33727928671146,89.4814795042898,2025-06-04 17:45:52.928000+00:00,2025-06-04 14:41:59+00:00,19
14.606085134009476,88.01301489757914,2025-06-04 17:45:54.022000+00:00,2025-06-04 14:11:20+00:00,20
13.013235175921409,83.94346229187072,2025-06-04 17:45:54.725000+00:00,2025-06-04 13:12:41+00:00,21
13.863300833690005,83.55500386847196,2025-06-04 17:45:55.126000+00:00,2025-06-04 13:02:31+00:00,22
12.736370998614134,83.06041076769691,2025-06-04 17:45:55.408000+00:00,2025-06-04 13:02:45+00:00,23
13.48623865761864,89.6490996131528,2025-06-04 17:45:55.831000+00:00,2025-06-04 14:47:33+00:00,24
14.39372872277009,89.33269869402986,2025-06-04 17:45:57.347000+00:00,2025-06-04 14:35:22+00:00,25
12.67555676302251,88.23573339399454,2025-06-04 17:45:58.929000+00:00,2025-06-04 14:10:30+00:00,26
12.914005848581096,89.36445806451613,2025-06-04 17:45:59.563000+00:00,2025-06-04 14:33:40+00:00,27
14.610236775521484,86.9024065116279,2025-06-04 17:46:00.913000+00:00,2025-06-04 13:51:21+00:00,28
16.193705098110783,86.96593217231897,2025-06-04 17:46:02.168000+00:00,2025-06-04 13:49:02+00:00,29
13.924563734152152,86.19986156648451,2025-06-04 17:46:02.552000+00:00,2025-06-04 13:33:30+00:00,30
15.944257358942082,88.39400182481752,2025-06-04 17:46:04.174000+00:00,2025-06-04 14:14:04+00:00,31
15.53712650395752,85.74404444444444,2025-06-04 17:46:04.914000+00:00,2025-06-04 13:40:10+00:00,32
15.043285482761233,84.30113526570048,2025-06-04 17:46:05.325000+00:00,2025-06-04 13:15:17+00:00,33
11.91661892587443,88.43283906976744,2025-06-04 17:46:06.698000+00:00,2025-06-04 14:18:52+00:00,34
15.500245601146084,90.41095514018691,2025-06-04 17:46:08.278000+00:00,2025-06-04 14:55:08+00:00,35
12.093849104206976,86.32984375,2025-06-04 17:46:09.240000+00:00,2025-06-04 13:52:51+00:00,36
16.25641995547241,87.36627630285153,2025-06-04 17:46:09.497000+00:00,2025-06-04 14:12:01+00:00,37
14.1292916952122,84.80337416904084,2025-06-04 17:46:10.047000+00:00,2025-06-04 13:19:28+00:00,38
13.408740466355445,85.06793501454898,2025-06-04 17:46:10.959000+00:00,2025-06-04 13:29:36+00:00,39
11.906681457280644,88.90587464655985,2025-06-04 17:46:12.867000+00:00,2025-06-04 14:30:02+00:00,41
12.455074852989878,89.5937335800185,2025-06-04 17:46:14.174000+00:00,2025-06-04 14:38:45+00:00,42
14.395070461745748,88.59464819944598,2025-06-04 17:46:14.996000+00:00,2025-06-04 14:20:23+00:00,44
15.985746444128182,85.89133487511563,2025-06-04 17:46:16.467000+00:00,2025-06-04 13:32:05+00:00,45
16.210313785103885,83.38787661691542,2025-06-04 17:46:18.184000+00:00,2025-06-04 13:08:03+00:00,46
11.432353927435432,84.96744571428572,2025-06-04 17:46:19.788000+00:00,2025-06-04 14:50:57+00:00,47
13.862285467993912,87.01481437125749,2025-06-04 17:46:20.156000+00:00,2025-06-04 14:09:29+00:00,48
16.098742845364864,87.44124256951102,2025-06-04 17:46:21.784000+00:00,2025-06-04 14:08:03+00:00,49
14.212383772960829,88.450057956778,2025-06-04 17:46:22.841000+00:00,2025-06-04 14:30:25+00:00,50
12.953204204861912,86.20401171875,2025-06-04 17:47:08.092000+00:00,2025-06-04 13:51:41+00:00,1
13.37307622895083,90.22657487922706,2025-06-04 17:47:09.495000+00:00,2025-06-04 14:58:34+00:00,2
14.72362407577809,86.40508217821782,2025-06-04 17:47:09.867000+00:00,2025-06-04 13:58:19+00:00,3
15.63039900560896,90.46183178438662,2025-06-04 17:47:10.069000+00:00,2025-06-04 14:56:07+00:00,4
15.67165777019209,86.94166035950803,2025-06-04 17:47:10.665000+00:00,2025-06-04 13:57:08+00:00,5
13.84955152835474,83.21416370808679,2025-06-04 17:47:11.838000+00:00,2025-06-04 13:03:31+00:00,6
14.743286416163818,85.61571954674221,2025-06-04 17:47:12.953000+00:00,2025-06-04 13:33:20+00:00,8
12.820549170361597,88.34570431588614,2025-06-04 17:47:13.528000+00:00,2025-06-04 14:15:42+00:00,10
15.025435692791469,85.6621480787254,2025-06-04 17:47:14.488000+00:00,2025-06-04 13:32:16+00:00,11
14.336410721838012,85.82222336448598,2025-06-04 17:47:15.221000+00:00,2025-06-04 13:34:25+00:00,12
13.910713860779094,89.48759786821705,2025-06-04 17:47:16.799000+00:00,2025-06-04 14:46:28+00:00,13
26.21872779714692,85.17367717287487,2025-06-04 17:47:18.160000+00:00,2025-06-04 13:28:35+00:00,14
14.928751949322695,88.50127737226278,2025-06-04 17:47:18.600000+00:00,2025-06-04 14:17:16+00:00,15
15.74451882485474,80.69702000000001,2025-06-04 17:47:19.086000+00:00,2025-06-04 14:02:07+00:00,16
14.829213550067092,84.70962005519779,2025-06-04 17:47:19.643000+00:00,2025-06-04 13:10:19+00:00,17
12.059995020484898,89.23388133971292,2025-06-04 17:47:20.594000+00:00,2025-06-04 14:39:50+00:00,18
11.329068822880856,89.86048495897903,2025-06-04 17:47:22.048000+00:00,2025-06-04 14:41:59+00:00,19
14.594843126568325,87.15210208126858,2025-06-04 17:47:23.529000+00:00,2025-06-04 14:11:20+00:00,20
12.995668307032783,84.62374720149253,2025-06-04 17:47:24.343000+00:00,2025-06-04 13:12:41+00:00,21
13.844628694170636,82.93993313373254,2025-06-04 17:47:25.187000+00:00,2025-06-04 13:02:31+00:00,22
16.097302149852226,83.93104515522107,2025-06-04 17:47:26.299000+00:00,2025-06-04 13:02:45+00:00,23
13.478566126533098,89.95008938547485,2025-06-04 17:47:26.604000+00:00,2025-06-04 14:47:33+00:00,24
14.38487280451468,88.90723002887391,2025-06-04 17:47:27.388000+00:00,2025-06-04 14:35:22+00:00,25
13.791425609515564,88.1334257064722,2025-06-04 17:47:27.632000+00:00,2025-06-04 14:10:30+00:00,26
12.90490748406186,89.27193450184502,2025-06-04 17:47:29.223000+00:00,2025-06-04 14:33:40+00:00,27
14.596742687761326,86.53056368821292,2025-06-04 17:47:30.847000+00:00,2025-06-04 13:51:21+00:00,28
16.180033267128373,86.72496753246753,2025-06-04 17:47:32.485000+00:00,2025-06-04 13:49:02+00:00,29
13.909166768986426,85.25839845261122,2025-06-04 17:47:32.816000+00:00,2025-06-04 13:33:30+00:00,30
15.93327159011768,88.05083302238806,2025-06-04 17:47:33.507000+00:00,2025-06-04 14:14:04+00:00,31
15.522449559284844,85.71224927815207,2025-06-04 17:47:34.973000+00:00,2025-06-04 13:40:10+00:00,32
15.026061503317546,83.88699408284023,2025-06-04 17:47:35.588000+00:00,2025-06-04 13:15:17+00:00,33
11.905964070641073,87.93382369942196,2025-06-04 17:47:36.691000+00:00,2025-06-04 14:18:52+00:00,34
15.493514194853477,89.92191139240506,2025-06-04 17:47:38.197000+00:00,2025-06-04 14:55:08+00:00,35
12.080495607069407,86.07871442687747,2025-06-04 17:47:39.341000+00:00,2025-06-04 13:52:51+00:00,36
16.24500394863795,87.93001119402985,2025-06-04 17:47:40.028000+00:00,2025-06-04 14:12:01+00:00,37
25.778691595955195,85.24969019248397,2025-06-04 17:47:40.588000+00:00,2025-06-04 13:19:28+00:00,38
13.392755282844073,84.74372216748769,2025-06-04 17:47:41.122000+00:00,2025-06-04 13:29:36+00:00,39
16.047717687911053,88.93588712686568,2025-06-04 17:47:42.729000+00:00,2025-06-04 14:30:02+00:00,41
12.446734403526904,89.41366573295986,2025-06-04 17:47:42.964000+00:00,2025-06-04 14:38:45+00:00,42
14.384781006287996,88.02633589990376,2025-06-04 17:47:43.637000+00:00,2025-06-04 14:20:23+00:00,44
15.970574558648831,85.87567955801104,2025-06-04 17:47:44.012000+00:00,2025-06-04 13:32:05+00:00,45
16.193093608999153,83.73867441860466,2025-06-04 17:47:44.688000+00:00,2025-06-04 13:08:03+00:00,46
11.425390519857114,84.84568857142857,2025-06-04 17:47:45.018000+00:00,2025-06-04 14:50:57+00:00,47
13.851357627079269,87.32157308809293,2025-06-04 17:47:45.815000+00:00,2025-06-04 14:09:29+00:00,48
16.087702346357464,87.32313653846154,2025-06-04 17:47:46.938000+00:00,2025-06-04 14:08:03+00:00,49
14.203457626935874,89.10444986200552,2025-06-04 17:47:48.463000+00:00,2025-06-04 14:30:25+00:00,50
12.930759873466698,86.87765257352942,2025-06-04 17:49:38.114000+00:00,2025-06-04 13:51:41+00:00,1
13.362235919568723,90.05315213178295,2025-06-04 17:49:39.147000+00:00,2025-06-04 14:58:34+00:00,2
28.20821798000948,86.47032846003898,2025-06-04 17:49:40.443000+00:00,2025-06-04 13:58:19+00:00,3
15.61912202697697,89.82987890625,2025-06-04 17:49:41.204000+00:00,2025-06-04 14:56:07+00:00,4
15.649939572086188,86.89712863849765,2025-06-04 17:49:42.558000+00:00,2025-06-04 13:57:08+00:00,5
13.818306150964698,82.96427182539682,2025-06-04 17:49:43.014000+00:00,2025-06-04 13:03:31+00:00,6
14.717539449397222,86.00221383075524,2025-06-04 17:49:43.567000+00:00,2025-06-04 13:33:20+00:00,8
11.41591184183738,88.45209266055046,2025-06-04 17:49:45.219000+00:00,2025-06-04 14:19:58+00:00,9
12.80207573321826,88.06332992565056,2025-06-04 17:49:45.857000+00:00,2025-06-04 14:15:42+00:00,10
14.999099770683596,85.27036987607245,2025-06-04 17:49:47.382000+00:00,2025-06-04 13:32:16+00:00,11
14.310351137544476,85.10855685131196,2025-06-04 17:49:48.295000+00:00,2025-06-04 13:34:25+00:00,12
13.897628951418495,89.64104708097929,2025-06-04 17:49:49.208000+00:00,2025-06-04 14:46:28+00:00,13
13.468386480233615,85.71138924339107,2025-06-04 17:49:49.606000+00:00,2025-06-04 13:28:35+00:00,14
14.91052407843216,87.29576394422311,2025-06-04 17:49:51.053000+00:00,2025-06-04 14:17:16+00:00,15
15.723626852785214,80.47862714285714,2025-06-04 17:49:51.961000+00:00,2025-06-04 14:02:07+00:00,16
14.799001704435486,84.10124834123222,2025-06-04 17:49:52.183000+00:00,2025-06-04 13:10:19+00:00,17
12.045650611798276,88.64231374501992,2025-06-04 17:49:53.117000+00:00,2025-06-04 14:39:50+00:00,18
11.315276914977115,89.35377242681776,2025-06-04 17:49:53.355000+00:00,2025-06-04 14:41:59+00:00,19
14.57587332705795,87.01591485148515,2025-06-04 17:49:53.926000+00:00,2025-06-04 14:11:20+00:00,20
12.96635514167276,84.18868726235742,2025-06-04 17:49:54.501000+00:00,2025-06-04 13:12:41+00:00,21
13.81347122483861,83.07684494602552,2025-06-04 17:49:55.695000+00:00,2025-06-04 13:02:31+00:00,22
12.686388619234434,84.1914385321101,2025-06-04 17:49:56.332000+00:00,2025-06-04 13:02:45+00:00,23
13.465819430935726,89.78097945845005,2025-06-04 17:49:57.571000+00:00,2025-06-04 14:47:33+00:00,24
14.369996710239963,88.76154282964389,2025-06-04 17:49:58.757000+00:00,2025-06-04 14:35:22+00:00,25
13.77184614145634,87.6105136406397,2025-06-04 17:50:00.024000+00:00,2025-06-04 14:10:30+00:00,26
12.88962414943505,88.79109419600381,2025-06-04 17:50:00.560000+00:00,2025-06-04 14:33:40+00:00,27
14.574075478543593,86.21705678537054,2025-06-04 17:50:01.478000+00:00,2025-06-04 13:51:21+00:00,28
16.15721971483888,85.7246011846002,2025-06-04 17:50:02.979000+00:00,2025-06-04 13:49:02+00:00,29
15.91473428134904,87.8770561272217,2025-06-04 17:50:03.427000+00:00,2025-06-04 14:14:04+00:00,31
15.497958850195673,86.03903072625698,2025-06-04 17:50:04.081000+00:00,2025-06-04 13:40:10+00:00,32
14.997320697828156,84.64743109869646,2025-06-04 17:50:05.659000+00:00,2025-06-04 13:15:17+00:00,33
20.5138733805758,87.91738417540515,2025-06-04 17:50:06.664000+00:00,2025-06-04 14:18:52+00:00,34
15.48235678485304,90.0573115530303,2025-06-04 17:50:07.479000+00:00,2025-06-04 14:55:08+00:00,35
12.058361992587768,86.10954829268293,2025-06-04 17:50:08.713000+00:00,2025-06-04 13:52:51+00:00,36
14.084238169708346,84.12294623655914,2025-06-04 17:50:10.226000+00:00,2025-06-04 13:19:28+00:00,38
13.366550668472568,85.57693265682657,2025-06-04 17:50:10.605000+00:00,2025-06-04 13:29:36+00:00,39
15.703610084266408,90.05218497109827,2025-06-04 17:50:11.832000+00:00,2025-06-04 14:58:06+00:00,40
16.032021567717155,88.87956203703703,2025-06-04 17:50:12.073000+00:00,2025-06-04 14:30:02+00:00,41
12.432501011668714,89.1317114474929,2025-06-04 17:50:12.781000+00:00,2025-06-04 14:38:45+00:00,42
14.367418757478822,88.22170720299346,2025-06-04 17:50:13.995000+00:00,2025-06-04 14:20:23+00:00,44
15.94451027921975,85.6833964879852,2025-06-04 17:50:15.565000+00:00,2025-06-04 13:32:05+00:00,45
16.16262222267391,83.91841500474834,2025-06-04 17:50:16.909000+00:00,2025-06-04 13:08:03+00:00,46
13.831793250009596,87.3821561904762,2025-06-04 17:50:17.736000+00:00,2025-06-04 14:09:29+00:00,48
16.06793628671856,87.49052063789868,2025-06-04 17:50:18.105000+00:00,2025-06-04 14:08:03+00:00,49
14.187870677347211,88.35538446601942,2025-06-04 17:50:18.954000+00:00,2025-06-04 14:30:25+00:00,50
12.904085094836972,85.57357884231537,2025-06-04 17:52:36.274000+00:00,2025-06-04 13:51:41+00:00,1
13.349424807723892,89.63991071428572,2025-06-04 17:52:36.970000+00:00,2025-06-04 14:58:34+00:00,2
14.676906926549448,86.44301832208293,2025-06-04 17:52:37.590000+00:00,2025-06-04 13:58:19+00:00,3
15.605883074021143,90.06447185741088,2025-06-04 17:52:38.273000+00:00,2025-06-04 14:56:07+00:00,4
15.62475368159097,85.88337062937063,2025-06-04 17:52:38.746000+00:00,2025-06-04 13:57:08+00:00,5
13.78207192961906,82.78906646825396,2025-06-04 17:52:39.621000+00:00,2025-06-04 13:03:31+00:00,6
14.68731306300548,85.06703454894433,2025-06-04 17:52:40.150000+00:00,2025-06-04 13:33:20+00:00,8
11.395302139957314,88.1931591119334,2025-06-04 17:52:41.195000+00:00,2025-06-04 14:19:58+00:00,9
12.78065274043092,87.43262258687258,2025-06-04 17:52:41.803000+00:00,2025-06-04 14:15:42+00:00,10
14.96893097195215,85.53127685185186,2025-06-04 17:52:42.221000+00:00,2025-06-04 13:32:16+00:00,11
14.280498919155754,85.66292321924145,2025-06-04 17:52:43.380000+00:00,2025-06-04 13:34:25+00:00,12
13.882639715909972,89.6510787037037,2025-06-04 17:52:44.835000+00:00,2025-06-04 14:46:28+00:00,13
13.43714797261286,84.69988706563707,2025-06-04 17:52:45.917000+00:00,2025-06-04 13:28:35+00:00,14
14.889643429847755,87.6730819828408,2025-06-04 17:52:46.937000+00:00,2025-06-04 14:17:16+00:00,15
15.69926152867798,80.22683,2025-06-04 17:52:48.219000+00:00,2025-06-04 14:02:07+00:00,16
14.764195116669086,84.46424931255729,2025-06-04 17:52:48.504000+00:00,2025-06-04 13:10:19+00:00,17
12.029124660071218,88.61439134709931,2025-06-04 17:52:49.164000+00:00,2025-06-04 14:39:50+00:00,18
11.29908564606889,88.68455830039525,2025-06-04 17:52:50.227000+00:00,2025-06-04 14:41:59+00:00,19
14.553328263601104,87.43707844990548,2025-06-04 17:52:51.571000+00:00,2025-06-04 14:11:20+00:00,20
12.931517313155036,84.61917840805123,2025-06-04 17:52:52.238000+00:00,2025-06-04 13:12:41+00:00,21
13.776441526556734,83.29580153403643,2025-06-04 17:52:53.479000+00:00,2025-06-04 13:02:31+00:00,22
12.649607331508689,84.07251143641355,2025-06-04 17:52:53.745000+00:00,2025-06-04 13:02:45+00:00,23
13.450939866558963,89.68372820037106,2025-06-04 17:52:53.941000+00:00,2025-06-04 14:47:33+00:00,24
14.35263145531312,88.84956538099718,2025-06-04 17:52:54.912000+00:00,2025-06-04 14:35:22+00:00,25
13.749289097970031,86.91537058823529,2025-06-04 17:52:56.322000+00:00,2025-06-04 14:10:30+00:00,26
12.87168209683126,88.78243621013134,2025-06-04 17:52:57.923000+00:00,2025-06-04 14:33:40+00:00,27
14.547314603240563,86.5880610545791,2025-06-04 17:52:59.306000+00:00,2025-06-04 13:51:21+00:00,28
16.13010666464626,85.60654375614553,2025-06-04 17:53:00.145000+00:00,2025-06-04 13:49:02+00:00,29
13.852940345455515,84.44505694305694,2025-06-04 17:53:00.498000+00:00,2025-06-04 13:33:30+00:00,30
15.892703404356546,87.67633771106942,2025-06-04 17:53:01.024000+00:00,2025-06-04 14:14:04+00:00,31
15.468852610637052,85.86,2025-06-04 17:53:02.220000+00:00,2025-06-04 13:40:10+00:00,32
14.963355456992986,83.89810628019323,2025-06-04 17:53:02.460000+00:00,2025-06-04 13:15:17+00:00,33
11.867173781850964,87.83007291666667,2025-06-04 17:53:03.443000+00:00,2025-06-04 14:18:52+00:00,34
15.469082800302989,89.79336042065009,2025-06-04 17:53:04.145000+00:00,2025-06-04 14:55:08+00:00,35
12.032178509300742,86.07399420289855,2025-06-04 17:53:04.416000+00:00,2025-06-04 13:52:51+00:00,36
16.204151044346393,87.36687238095239,2025-06-04 17:53:05.784000+00:00,2025-06-04 14:12:01+00:00,37
14.05113470333875,84.78382113067656,2025-06-04 17:53:06.257000+00:00,2025-06-04 13:19:28+00:00,38
13.335551350666988,84.91338549618321,2025-06-04 17:53:06.772000+00:00,2025-06-04 13:29:36+00:00,39
15.690890718791422,89.53967430278884,2025-06-04 17:53:08.167000+00:00,2025-06-04 14:58:06+00:00,40
16.013577229283506,87.90974801587302,2025-06-04 17:53:08.974000+00:00,2025-06-04 14:30:02+00:00,41
12.41558530089391,88.51842716535432,2025-06-04 17:53:10.278000+00:00,2025-06-04 14:38:45+00:00,42
14.34678456589006,88.28611926605504,2025-06-04 17:53:11.130000+00:00,2025-06-04 14:20:23+00:00,44
15.913912190579255,84.42584095427435,2025-06-04 17:53:12.604000+00:00,2025-06-04 13:32:05+00:00,45
16.127085621003797,84.38825547445255,2025-06-04 17:53:13.472000+00:00,2025-06-04 13:08:03+00:00,46
11.39869857224618,84.37440285714285,2025-06-04 17:53:14.918000+00:00,2025-06-04 14:50:57+00:00,47
13.8088477278864,86.8622181996086,2025-06-04 17:53:15.813000+00:00,2025-06-04 14:09:29+00:00,48
16.044754246372023,87.65902831050228,2025-06-04 17:53:16.364000+00:00,2025-06-04 14:08:03+00:00,49
14.169242271222023,88.10108699902248,2025-06-04 17:53:17.588000+00:00,2025-06-04 14:30:25+00:00,50
12.878421295914018,86.08282873453854,2025-06-04 17:55:27.947000+00:00,2025-06-04 13:51:41+00:00,1
13.336957124480085,89.89128190476191,2025-06-04 17:55:28.154000+00:00,2025-06-04 14:58:34+00:00,2
14.652355298768883,85.97971428571428,2025-06-04 17:55:29.590000+00:00,2025-06-04 13:58:19+00:00,3
15.592999041629351,90.08894567219151,2025-06-04 17:55:30.405000+00:00,2025-06-04 14:56:07+00:00,4
15.599960430454283,86.93763470319635,2025-06-04 17:55:31.290000+00:00,2025-06-04 13:57:08+00:00,5
13.74660893974557,83.02250290697674,2025-06-04 17:55:31.777000+00:00,2025-06-04 13:03:31+00:00,6
14.65789706206791,85.21403665413534,2025-06-04 17:55:32.265000+00:00,2025-06-04 13:33:20+00:00,8
11.375248495517614,88.20914676390154,2025-06-04 17:55:32.566000+00:00,2025-06-04 14:19:58+00:00,9
12.759685764786832,87.38841873804971,2025-06-04 17:55:33.714000+00:00,2025-06-04 14:15:42+00:00,10
14.93923579356857,85.10945994344958,2025-06-04 17:55:34.863000+00:00,2025-06-04 13:32:16+00:00,11
14.251115376950786,84.39194322709163,2025-06-04 17:55:35.489000+00:00,2025-06-04 13:34:25+00:00,12
13.867885822540474,89.65458523245215,2025-06-04 17:55:36.920000+00:00,2025-06-04 14:46:28+00:00,13
13.4063966529222,84.22922539370079,2025-06-04 17:55:38.107000+00:00,2025-06-04 13:28:35+00:00,14
14.86909065910614,87.58064549763033,2025-06-04 17:55:38.419000+00:00,2025-06-04 14:17:16+00:00,15
15.67582552342424,79.98317285714286,2025-06-04 17:55:38.779000+00:00,2025-06-04 14:02:07+00:00,16
14.730327832050293,83.49010318225652,2025-06-04 17:55:39.763000+00:00,2025-06-04 13:10:19+00:00,17
12.012950599486958,89.14947553093259,2025-06-04 17:55:41.118000+00:00,2025-06-04 14:39:50+00:00,18
11.283328613003112,88.75897872340425,2025-06-04 17:55:42.216000+00:00,2025-06-04 14:41:59+00:00,19
14.53151102110469,87.40518615528532,2025-06-04 17:55:43.856000+00:00,2025-06-04 14:11:20+00:00,20
12.897608042864295,84.15642910447761,2025-06-04 17:55:45.308000+00:00,2025-06-04 13:12:41+00:00,21
13.740398840065964,82.45688334995015,2025-06-04 17:55:46.746000+00:00,2025-06-04 13:02:31+00:00,22
12.613396079961236,83.09404519230769,2025-06-04 17:55:47.193000+00:00,2025-06-04 13:02:45+00:00,23
13.436123013822376,89.20108413001913,2025-06-04 17:55:48.666000+00:00,2025-06-04 14:47:33+00:00,24
14.335438282476378,88.05667030784508,2025-06-04 17:55:48.933000+00:00,2025-06-04 14:35:22+00:00,25
13.727084064440731,86.54755820895522,2025-06-04 17:55:49.704000+00:00,2025-06-04 14:10:30+00:00,26
12.854119758139422,88.04873399014778,2025-06-04 17:55:50.535000+00:00,2025-06-04 14:33:40+00:00,27
14.521267167323655,86.18525800376648,2025-06-04 17:55:52.256000+00:00,2025-06-04 13:51:21+00:00,28
16.103869112831898,85.89431333333333,2025-06-04 17:55:52.971000+00:00,2025-06-04 13:49:02+00:00,29
13.823220188256744,84.87622382324687,2025-06-04 17:55:53.851000+00:00,2025-06-04 13:33:30+00:00,30
15.87125990410704,86.95019019607844,2025-06-04 17:55:54.806000+00:00,2025-06-04 14:14:04+00:00,31
15.440358543876595,85.7508774373259,2025-06-04 17:55:56.305000+00:00,2025-06-04 13:40:10+00:00,32
14.929532262686449,84.52113878676471,2025-06-04 17:55:58.001000+00:00,2025-06-04 13:15:17+00:00,33
11.846369565724236,87.45018111753372,2025-06-04 17:55:58.712000+00:00,2025-06-04 14:18:52+00:00,34
15.455939508486235,90.10825979945304,2025-06-04 17:55:59.239000+00:00,2025-06-04 14:55:08+00:00,35
12.005956544805551,86.62720898258479,2025-06-04 17:56:00.715000+00:00,2025-06-04 13:52:51+00:00,36
16.181979968368836,87.66963944954128,2025-06-04 17:56:01.093000+00:00,2025-06-04 14:12:01+00:00,37
14.01817113634885,84.6494625346901,2025-06-04 17:56:01.931000+00:00,2025-06-04 13:19:28+00:00,38
80.55526628637418,85.05964018691589,2025-06-04 17:56:02.185000+00:00,2025-06-04 13:29:36+00:00,39
15.678368644966252,89.61428891050583,2025-06-04 17:56:02.511000+00:00,2025-06-04 14:58:06+00:00,40
15.995210871580452,87.84480235988201,2025-06-04 17:56:03.836000+00:00,2025-06-04 14:30:02+00:00,41
12.39902548548419,88.20742330677291,2025-06-04 17:56:04.747000+00:00,2025-06-04 14:38:45+00:00,42
14.326584522050808,87.45912015503876,2025-06-04 17:56:05.188000+00:00,2025-06-04 14:20:23+00:00,44
15.883962058215866,84.68018181818182,2025-06-04 17:56:05.692000+00:00,2025-06-04 13:32:05+00:00,45
16.092301586194544,83.95196285979573,2025-06-04 17:56:06.736000+00:00,2025-06-04 13:08:03+00:00,46
11.384551453705754,84.12704,2025-06-04 17:56:08.072000+00:00,2025-06-04 14:50:57+00:00,47
13.78638506449183,86.82116763565891,2025-06-04 17:56:09.555000+00:00,2025-06-04 14:09:29+00:00,48
16.02206006220274,87.03827367424242,2025-06-04 17:56:10.583000+00:00,2025-06-04 14:08:03+00:00,49
14.15121199785093,88.73545711678833,2025-06-04 17:56:10.939000+00:00,2025-06-04 14:30:25+00:00,50
12.85723457898504,85.59313170731707,2025-06-04 17:57:48.040000+00:00,2025-06-04 13:51:41+00:00,1
13.326724251574957,89.25521678321678,2025-06-04 17:57:49.528000+00:00,2025-06-04 14:58:34+00:00,2
14.632204523116089,85.64328471528472,2025-06-04 17:57:50.072000+00:00,2025-06-04 13:58:19+00:00,3
15.58242446616001,89.28809626719057,2025-06-04 17:57:51.718000+00:00,2025-06-04 14:56:07+00:00,4
15.5797289162105,86.51302427637722,2025-06-04 17:57:52.551000+00:00,2025-06-04 13:57:08+00:00,5
13.717296165956354,82.7515556640625,2025-06-04 17:57:53.407000+00:00,2025-06-04 13:03:31+00:00,6
14.63358258942728,85.21952048417133,2025-06-04 17:57:54.235000+00:00,2025-06-04 13:33:20+00:00,8
11.820264749854562,88.10120018198361,2025-06-04 17:57:54.781000+00:00,2025-06-04 14:19:58+00:00,9
17.889288042536524,87.84553509571559,2025-06-04 17:57:55.448000+00:00,2025-06-04 14:15:42+00:00,10
14.914690599337966,85.25384828862164,2025-06-04 17:57:56.590000+00:00,2025-06-04 13:32:16+00:00,11
14.226656665457602,85.41212638376383,2025-06-04 17:57:58.255000+00:00,2025-06-04 13:34:25+00:00,12
13.855604766309709,88.60011607142857,2025-06-04 17:57:59.083000+00:00,2025-06-04 14:46:28+00:00,13
10.298692480310244,85.004280148423,2025-06-04 17:58:00.386000+00:00,2025-06-04 13:28:35+00:00,14
14.851982677841471,87.62128504672897,2025-06-04 17:58:01.225000+00:00,2025-06-04 14:17:16+00:00,15
15.655950119752292,79.77805857142857,2025-06-04 17:58:02.359000+00:00,2025-06-04 14:02:07+00:00,16
14.701773830331138,82.87282043650794,2025-06-04 17:58:03.197000+00:00,2025-06-04 13:10:19+00:00,17
11.999581652905013,89.14782299270072,2025-06-04 17:58:03.986000+00:00,2025-06-04 14:39:50+00:00,18
11.27030437798721,88.4194094488189,2025-06-04 17:58:04.880000+00:00,2025-06-04 14:41:59+00:00,19
14.513350574752112,86.58162623274161,2025-06-04 17:58:06.231000+00:00,2025-06-04 14:11:20+00:00,20
12.86974174384528,84.34469195612431,2025-06-04 17:58:07.907000+00:00,2025-06-04 13:12:41+00:00,21
13.710570651451478,83.72658440366972,2025-06-04 17:58:09.023000+00:00,2025-06-04 13:02:31+00:00,22
12.583808986251244,83.76870238095238,2025-06-04 17:58:09.577000+00:00,2025-06-04 13:02:45+00:00,23
13.42417057338822,89.07645749761222,2025-06-04 17:58:09.949000+00:00,2025-06-04 14:47:33+00:00,24
14.321390283912027,88.815734375,2025-06-04 17:58:10.481000+00:00,2025-06-04 14:35:22+00:00,25
13.708836248168156,86.47343762376238,2025-06-04 17:58:11.828000+00:00,2025-06-04 14:10:30+00:00,26
12.83958557300854,88.64641905642924,2025-06-04 17:58:13.221000+00:00,2025-06-04 14:33:40+00:00,27
14.500012581244714,85.43496656833825,2025-06-04 17:58:13.639000+00:00,2025-06-04 13:51:21+00:00,28
16.082029403286,86.180073012939,2025-06-04 17:58:15.161000+00:00,2025-06-04 13:49:02+00:00,29
13.798624532753504,85.11093908153703,2025-06-04 17:58:16.628000+00:00,2025-06-04 13:33:30+00:00,30
15.853513816145703,87.63439430147059,2025-06-04 17:58:17.779000+00:00,2025-06-04 14:14:04+00:00,31
15.417077090462508,85.19222179732313,2025-06-04 17:58:18.936000+00:00,2025-06-04 13:40:10+00:00,32
14.902210440785623,84.26006765523633,2025-06-04 17:58:20.387000+00:00,2025-06-04 13:15:17+00:00,33
11.82934921626901,87.46936060894386,2025-06-04 17:58:21.702000+00:00,2025-06-04 14:18:52+00:00,34
15.445186724596384,89.94081335773102,2025-06-04 17:58:22.691000+00:00,2025-06-04 14:55:08+00:00,35
11.984476423028855,85.52732809430256,2025-06-04 17:58:24.180000+00:00,2025-06-04 13:52:51+00:00,36
16.163944394489906,87.06330571428572,2025-06-04 17:58:24.529000+00:00,2025-06-04 14:12:01+00:00,37
13.991014358647227,84.65813382218148,2025-06-04 17:58:25.976000+00:00,2025-06-04 13:19:28+00:00,38
13.278899040080306,85.13236497695853,2025-06-04 17:58:27.384000+00:00,2025-06-04 13:29:36+00:00,39
15.667849016820613,89.6037934678194,2025-06-04 17:58:28.451000+00:00,2025-06-04 14:58:06+00:00,40
15.979869656522729,88.06514026717556,2025-06-04 17:58:29.733000+00:00,2025-06-04 14:30:02+00:00,41
12.385018492722017,88.80829505135387,2025-06-04 17:58:31.316000+00:00,2025-06-04 14:38:45+00:00,42
14.309498483864973,86.96265836653386,2025-06-04 17:58:32.491000+00:00,2025-06-04 14:20:23+00:00,44
15.858482657314202,84.95975352775164,2025-06-04 17:58:32.782000+00:00,2025-06-04 13:32:05+00:00,45
16.06291128153938,84.111226071103,2025-06-04 17:58:32.985000+00:00,2025-06-04 13:08:03+00:00,46
11.372748147944383,83.91878142857144,2025-06-04 17:58:33.853000+00:00,2025-06-04 14:50:57+00:00,47
13.7676439003543,87.45875364963504,2025-06-04 17:58:34.206000+00:00,2025-06-04 14:09:29+00:00,48
16.003256396235077,87.20480666049954,2025-06-04 17:58:34.604000+00:00,2025-06-04 14:08:03+00:00,49
14.136082006227848,87.75449215686274,2025-06-04 17:58:35.418000+00:00,2025-06-04 14:30:25+00:00,50
12.837983310234684,86.20782592592593,2025-06-04 17:59:56.548000+00:00,2025-06-04 13:51:41+00:00,1
13.31749884907604,89.42374732750243,2025-06-04 17:59:56.964000+00:00,2025-06-04 14:58:34+00:00,2
14.613894585215997,86.67347058823529,2025-06-04 17:59:58.264000+00:00,2025-06-04 13:58:19+00:00,3
15.572815918471832,89.43227203065135,2025-06-04 17:59:59.708000+00:00,2025-06-04 14:56:07+00:00,4
15.561489318655545,85.54368353174603,2025-06-04 17:59:59.967000+00:00,2025-06-04 13:57:08+00:00,5
13.691055439641357,82.7118250728863,2025-06-04 18:00:00.532000+00:00,2025-06-04 13:03:31+00:00,6
14.611816345337711,84.281278978389,2025-06-04 18:00:01.658000+00:00,2025-06-04 13:33:20+00:00,8
11.343532934053018,87.70532122905028,2025-06-04 18:00:02.485000+00:00,2025-06-04 14:19:58+00:00,9
12.72684064110275,86.65911298315163,2025-06-04 18:00:02.955000+00:00,2025-06-04 14:15:42+00:00,10
14.892717843773124,84.4006854368932,2025-06-04 18:00:03.294000+00:00,2025-06-04 13:32:16+00:00,11
14.205085661254502,84.92034626300851,2025-06-04 18:00:04.194000+00:00,2025-06-04 13:34:25+00:00,12
13.844773675066488,88.382649,2025-06-04 18:00:05.351000+00:00,2025-06-04 14:46:28+00:00,13
13.358680916624929,85.026234375,2025-06-04 18:00:06.457000+00:00,2025-06-04 13:28:35+00:00,14
14.837014368680448,86.91683561643836,2025-06-04 18:00:06.994000+00:00,2025-06-04 14:17:16+00:00,15
15.63868121564139,79.59969285714286,2025-06-04 18:00:07.215000+00:00,2025-06-04 14:02:07+00:00,16
14.67696447343222,84.01680422794118,2025-06-04 18:00:08.717000+00:00,2025-06-04 13:10:19+00:00,17
11.98770815692071,88.66132075471698,2025-06-04 18:00:09+00:00,2025-06-04 14:39:50+00:00,18
12.650694931426404,88.83532488262911,2025-06-04 18:00:09.379000+00:00,2025-06-04 14:41:59+00:00,19
14.497588647739986,86.84794348659004,2025-06-04 18:00:10.747000+00:00,2025-06-04 14:11:20+00:00,20
12.845385635120971,84.11582504604051,2025-06-04 18:00:11.214000+00:00,2025-06-04 13:12:41+00:00,21
13.685099758695548,82.75994111969112,2025-06-04 18:00:11.701000+00:00,2025-06-04 13:02:31+00:00,22
12.55815750936389,82.152006,2025-06-04 18:00:12.994000+00:00,2025-06-04 13:02:45+00:00,23
14.30911187220975,88.42533239171375,2025-06-04 18:00:14.297000+00:00,2025-06-04 14:35:22+00:00,25
13.6928870686766,87.42207664233577,2025-06-04 18:00:15.404000+00:00,2025-06-04 14:10:30+00:00,26
12.827072802536124,87.61601598401599,2025-06-04 18:00:16.368000+00:00,2025-06-04 14:33:40+00:00,27
14.481303727883342,86.25912787488501,2025-06-04 18:00:17.328000+00:00,2025-06-04 13:51:21+00:00,28
16.063227186048408,86.04001574074074,2025-06-04 18:00:18.783000+00:00,2025-06-04 13:49:02+00:00,29
13.777449683940826,84.89660094339622,2025-06-04 18:00:19.603000+00:00,2025-06-04 13:33:30+00:00,30
15.838235895313062,86.8703007736944,2025-06-04 18:00:20.109000+00:00,2025-06-04 14:14:04+00:00,31
15.397056776398472,84.5284053518335,2025-06-04 18:00:20.839000+00:00,2025-06-04 13:40:10+00:00,32
14.878908395711267,84.35129643183897,2025-06-04 18:00:21.033000+00:00,2025-06-04 13:15:17+00:00,33
11.814934488614142,87.52101971830986,2025-06-04 18:00:22.114000+00:00,2025-06-04 14:18:52+00:00,34
15.4361553657693,89.49493667296787,2025-06-04 18:00:22.357000+00:00,2025-06-04 14:55:08+00:00,35
11.96670968102773,86.18354976744186,2025-06-04 18:00:23.684000+00:00,2025-06-04 13:52:51+00:00,36
16.14879617566216,87.1451679174484,2025-06-04 18:00:24.251000+00:00,2025-06-04 14:12:01+00:00,37
13.968552328490038,83.19399501495514,2025-06-04 18:00:24.423000+00:00,2025-06-04 13:19:28+00:00,38
13.25821814167634,84.11648875855327,2025-06-04 18:00:24.832000+00:00,2025-06-04 13:29:36+00:00,39
15.659411411380493,89.57153670162059,2025-06-04 18:00:25.458000+00:00,2025-06-04 14:58:06+00:00,40
15.967669959316396,87.42662151394423,2025-06-04 18:00:25.672000+00:00,2025-06-04 14:30:02+00:00,41
12.374050953726757,88.59445805843544,2025-06-04 18:00:26.280000+00:00,2025-06-04 14:38:45+00:00,42
14.29612004714383,87.65941495327102,2025-06-04 18:00:27.426000+00:00,2025-06-04 14:20:23+00:00,44
15.838358638011956,85.29319817351598,2025-06-04 18:00:28.948000+00:00,2025-06-04 13:32:05+00:00,45
16.039136350112365,83.41436956521738,2025-06-04 18:00:30.597000+00:00,2025-06-04 13:08:03+00:00,46
11.363052693523828,83.74987999999999,2025-06-04 18:00:32.084000+00:00,2025-06-04 14:50:57+00:00,47
13.752378982586404,86.79624,2025-06-04 18:00:32.948000+00:00,2025-06-04 14:09:29+00:00,48
15.987572774734293,87.11790766389659,2025-06-04 18:00:34.306000+00:00,2025-06-04 14:08:03+00:00,49
14.123653966837152,87.92191666666666,2025-06-04 18:00:34.519000+00:00,2025-06-04 14:30:25+00:00,50
12.82504009474846,85.18137982195846,2025-06-04 18:01:22.625000+00:00,2025-06-04 13:51:41+00:00,1
14.601727447974648,86.05680783938814,2025-06-04 18:01:23.579000+00:00,2025-06-04 13:58:19+00:00,3
15.5664309456581,89.24839651837524,2025-06-04 18:01:24.158000+00:00,2025-06-04 14:56:07+00:00,4
15.549129782467778,86.1329858088931,2025-06-04 18:01:25.434000+00:00,2025-06-04 13:57:08+00:00,5
13.673274179305292,82.95992945662536,2025-06-04 18:01:26.034000+00:00,2025-06-04 13:03:31+00:00,6
12.6755486822005,84.63530372492836,2025-06-04 18:01:26.837000+00:00,2025-06-04 13:33:20+00:00,8
11.333536801874716,87.61473718546132,2025-06-04 18:01:27.387000+00:00,2025-06-04 14:19:58+00:00,9
12.716327772437449,87.53734590616375,2025-06-04 18:01:28.905000+00:00,2025-06-04 14:15:42+00:00,10
14.877828672881822,84.68827393364928,2025-06-04 18:01:29.871000+00:00,2025-06-04 13:32:16+00:00,11
14.190352774417017,84.86742492917847,2025-06-04 18:01:30.397000+00:00,2025-06-04 13:34:25+00:00,12
13.837376098442835,89.02103001876172,2025-06-04 18:01:31.582000+00:00,2025-06-04 14:46:28+00:00,13
13.343173179067218,83.81595256916997,2025-06-04 18:01:33.256000+00:00,2025-06-04 13:28:35+00:00,14
14.82658949143141,87.74327595628415,2025-06-04 18:01:33.883000+00:00,2025-06-04 14:17:16+00:00,15
15.626654064975275,79.47553857142857,2025-06-04 18:01:34.123000+00:00,2025-06-04 14:02:07+00:00,16
14.659685686534006,83.80327062094531,2025-06-04 18:01:35.271000+00:00,2025-06-04 13:10:19+00:00,17
11.979504319885717,88.48077259752617,2025-06-04 18:01:36.708000+00:00,2025-06-04 14:39:50+00:00,18
11.250836635194757,88.08160597014925,2025-06-04 18:01:36.986000+00:00,2025-06-04 14:41:59+00:00,19
14.486522575967584,87.36963254113346,2025-06-04 18:01:37.622000+00:00,2025-06-04 14:11:20+00:00,20
12.828285803110289,84.06515441176471,2025-06-04 18:01:38.112000+00:00,2025-06-04 13:12:41+00:00,21
13.666715259888711,82.1226812749004,2025-06-04 18:01:39.828000+00:00,2025-06-04 13:02:31+00:00,22
12.539584403402324,83.55999816681943,2025-06-04 18:01:41.042000+00:00,2025-06-04 13:02:45+00:00,23
13.4060933908945,89.3707837591241,2025-06-04 18:01:42.621000+00:00,2025-06-04 14:47:33+00:00,24
14.300194179063883,88.08256015399422,2025-06-04 18:01:44.220000+00:00,2025-06-04 14:35:22+00:00,25
13.681303338185783,87.10486988847583,2025-06-04 18:01:45.160000+00:00,2025-06-04 14:10:30+00:00,26
12.81801287523544,88.35268190298507,2025-06-04 18:01:45.925000+00:00,2025-06-04 14:33:40+00:00,27
14.46786670591443,86.06157699443413,2025-06-04 18:01:46.620000+00:00,2025-06-04 13:51:21+00:00,28
16.049460366778792,84.96904658077304,2025-06-04 18:01:48.232000+00:00,2025-06-04 13:49:02+00:00,29
13.761945652863709,84.69654182509505,2025-06-04 18:01:49.238000+00:00,2025-06-04 13:33:30+00:00,30
15.827173872166938,86.78382688588007,2025-06-04 18:01:49.523000+00:00,2025-06-04 14:14:04+00:00,31
15.38244223972549,84.42463492063492,2025-06-04 18:01:49.968000+00:00,2025-06-04 13:40:10+00:00,32
14.86175772882533,83.16011067580803,2025-06-04 18:01:50.527000+00:00,2025-06-04 13:15:17+00:00,33
11.804325030912311,86.99714188532556,2025-06-04 18:01:51.941000+00:00,2025-06-04 14:18:52+00:00,34
15.429377447678194,89.42950188679245,2025-06-04 18:01:52.728000+00:00,2025-06-04 14:55:08+00:00,35
11.953263973757853,86.17693617021277,2025-06-04 18:01:53.732000+00:00,2025-06-04 13:52:51+00:00,36
16.137427645204433,86.36960375494071,2025-06-04 18:01:54.961000+00:00,2025-06-04 14:12:01+00:00,37
13.951175421432518,84.01099716981132,2025-06-04 18:01:56.343000+00:00,2025-06-04 13:19:28+00:00,38
13.241768837719578,84.92452859778598,2025-06-04 18:01:57.811000+00:00,2025-06-04 13:29:36+00:00,39
17.37816990406707,89.14051082677165,2025-06-04 18:01:59.241000+00:00,2025-06-04 14:58:06+00:00,40
15.957672340296508,87.84118546845124,2025-06-04 18:02:00.120000+00:00,2025-06-04 14:30:02+00:00,41
12.3650804214108,88.60246448598132,2025-06-04 18:02:00.363000+00:00,2025-06-04 14:38:45+00:00,42
14.285061166331772,87.54759082397004,2025-06-04 18:02:02.173000+00:00,2025-06-04 14:20:23+00:00,44
15.82186708463973,85.09841490340386,2025-06-04 18:02:03.023000+00:00,2025-06-04 13:32:05+00:00,45
16.020386349628335,82.92287318489835,2025-06-04 18:02:03.672000+00:00,2025-06-04 13:08:03+00:00,46
11.3555522007629,83.61716142857142,2025-06-04 18:02:04.987000+00:00,2025-06-04 14:50:57+00:00,47
13.740210899234508,86.05674025974027,2025-06-04 18:02:06.203000+00:00,2025-06-04 14:09:29+00:00,48
15.975410046240905,86.81290985915493,2025-06-04 18:02:07.251000+00:00,2025-06-04 14:08:03+00:00,49
14.113934998671285,87.93653276353277,2025-06-04 18:02:07.831000+00:00,2025-06-04 14:30:25+00:00,50
12.811487925073788,85.38184384093114,2025-06-04 18:02:52.319000+00:00,2025-06-04 13:51:41+00:00,1
13.304702060364583,88.9521968031968,2025-06-04 18:02:52.851000+00:00,2025-06-04 14:58:34+00:00,2
14.588694785620884,85.58439882121807,2025-06-04 18:02:54.082000+00:00,2025-06-04 13:58:19+00:00,3
15.559591772536551,89.10786200194363,2025-06-04 18:02:55.010000+00:00,2025-06-04 14:56:07+00:00,4
15.536188770299852,85.88746794258373,2025-06-04 18:02:55.596000+00:00,2025-06-04 13:57:08+00:00,5
13.654656376741736,83.48777389705882,2025-06-04 18:02:56.302000+00:00,2025-06-04 13:03:31+00:00,6
14.581795586288544,84.29452427184467,2025-06-04 18:02:56.640000+00:00,2025-06-04 13:33:20+00:00,8
11.322947291492628,86.73996233894945,2025-06-04 18:02:57.378000+00:00,2025-06-04 14:19:58+00:00,9
12.705320322108964,86.49811881188118,2025-06-04 18:02:58.900000+00:00,2025-06-04 14:15:42+00:00,10
14.862239042525204,84.29074371373308,2025-06-04 18:02:59.371000+00:00,2025-06-04 13:32:16+00:00,11
14.17509822904774,85.0375069637883,2025-06-04 18:02:59.605000+00:00,2025-06-04 13:34:25+00:00,12
13.829630510467856,88.26544975124378,2025-06-04 18:03:01.223000+00:00,2025-06-04 14:46:28+00:00,13
13.327479264775194,84.25732313575526,2025-06-04 18:03:01.840000+00:00,2025-06-04 13:28:35+00:00,14
14.81579962670344,87.07315553435114,2025-06-04 18:03:03.333000+00:00,2025-06-04 14:17:16+00:00,15
15.61420583485321,79.34689428571428,2025-06-04 18:03:04.174000+00:00,2025-06-04 14:02:07+00:00,16
14.64200072082034,83.17455747126436,2025-06-04 18:03:04.762000+00:00,2025-06-04 13:10:19+00:00,17
11.971013267996202,88.3399464627151,2025-06-04 18:03:06.416000+00:00,2025-06-04 14:39:50+00:00,18
11.242472645730356,89.01898362147406,2025-06-04 18:03:07.137000+00:00,2025-06-04 14:41:59+00:00,19
14.47506908811656,86.62718557692307,2025-06-04 18:03:07.727000+00:00,2025-06-04 14:11:20+00:00,20
12.810587324820164,83.01431481481481,2025-06-04 18:03:08.313000+00:00,2025-06-04 13:12:41+00:00,21
13.64811239245044,82.03409960159362,2025-06-04 18:03:08.764000+00:00,2025-06-04 13:02:31+00:00,22
12.521001814392967,82.60123552123552,2025-06-04 18:03:10.120000+00:00,2025-06-04 13:02:45+00:00,23
13.39853323855939,89.05991891891892,2025-06-04 18:03:11.707000+00:00,2025-06-04 14:47:33+00:00,24
14.291371054086405,88.5059391705069,2025-06-04 18:03:13.056000+00:00,2025-06-04 14:35:22+00:00,25
14.128928019612502,86.53374831243973,2025-06-04 18:03:14.503000+00:00,2025-06-04 14:10:30+00:00,26
12.808846464798483,87.87307425265188,2025-06-04 18:03:15.622000+00:00,2025-06-04 14:33:40+00:00,27
14.454271762059358,85.26774853801169,2025-06-04 18:03:16.290000+00:00,2025-06-04 13:51:21+00:00,28
16.035992642152323,85.18960970873786,2025-06-04 18:03:16.702000+00:00,2025-06-04 13:49:02+00:00,29
13.746778465468385,84.62724786324786,2025-06-04 18:03:17.508000+00:00,2025-06-04 13:33:30+00:00,30
15.816106240604814,86.7488506743738,2025-06-04 18:03:18.693000+00:00,2025-06-04 14:14:04+00:00,31
15.367655962100596,84.72934429400387,2025-06-04 18:03:19.858000+00:00,2025-06-04 13:40:10+00:00,32
14.844212676254498,83.120775390625,2025-06-04 18:03:21.326000+00:00,2025-06-04 13:15:17+00:00,33
26.882419129324468,86.89718190661479,2025-06-04 18:03:21.697000+00:00,2025-06-04 14:18:52+00:00,34
15.422520696641325,89.33405571293673,2025-06-04 18:03:23.235000+00:00,2025-06-04 14:55:08+00:00,35
11.939661887678936,85.7905482041588,2025-06-04 18:03:24.600000+00:00,2025-06-04 13:52:51+00:00,36
16.125926899545878,87.20352350230415,2025-06-04 18:03:25.177000+00:00,2025-06-04 14:12:01+00:00,37
13.934167510271768,84.15068093023255,2025-06-04 18:03:26.018000+00:00,2025-06-04 13:19:28+00:00,38
13.225841910281652,84.77155050973123,2025-06-04 18:03:27.497000+00:00,2025-06-04 13:29:36+00:00,39
15.646202233781114,89.46741666666667,2025-06-04 18:03:28.408000+00:00,2025-06-04 14:58:06+00:00,40
15.948406597699757,87.20583816183816,2025-06-04 18:03:28.956000+00:00,2025-06-04 14:30:02+00:00,41
12.35658265445959,88.1768864292589,2025-06-04 18:03:29.215000+00:00,2025-06-04 14:38:45+00:00,42
14.27492835753629,87.51218470149254,2025-06-04 18:03:29.938000+00:00,2025-06-04 14:20:23+00:00,44
15.806756542854734,83.92340967423495,2025-06-04 18:03:30.586000+00:00,2025-06-04 13:32:05+00:00,45
16.002635366572466,82.95302692307692,2025-06-04 18:03:31.852000+00:00,2025-06-04 13:08:03+00:00,46
11.348374182508223,83.49254,2025-06-04 18:03:32.222000+00:00,2025-06-04 14:50:57+00:00,47
13.729072762126776,86.86270439663237,2025-06-04 18:03:32.769000+00:00,2025-06-04 14:09:29+00:00,48
15.96402625887956,87.02369880624425,2025-06-04 18:03:34.192000+00:00,2025-06-04 14:08:03+00:00,49
14.10483846518934,87.67823795761079,2025-06-04 18:03:34.989000+00:00,2025-06-04 14:30:25+00:00,50
12.770040191236754,85.3700019065777,2025-06-04 18:07:27.868000+00:00,2025-06-04 13:51:41+00:00,1
13.284610720108644,88.665502,2025-06-04 18:07:28.498000+00:00,2025-06-04 14:58:34+00:00,2
14.549273874635732,85.3422705882353,2025-06-04 18:07:29.884000+00:00,2025-06-04 13:58:19+00:00,3
15.538829539398982,88.52725674325674,2025-06-04 18:07:31.216000+00:00,2025-06-04 14:56:07+00:00,4
15.496322278950084,85.29874363992172,2025-06-04 18:07:32.684000+00:00,2025-06-04 13:57:08+00:00,5
16.2939577576855,82.64279448144624,2025-06-04 18:07:33.423000+00:00,2025-06-04 13:03:31+00:00,6
14.534221266910944,84.6798156424581,2025-06-04 18:07:33.878000+00:00,2025-06-04 13:33:20+00:00,8
11.290324971040524,86.343139,2025-06-04 18:07:34.861000+00:00,2025-06-04 14:19:58+00:00,9
12.67141051626409,86.54416054158608,2025-06-04 18:07:35.338000+00:00,2025-06-04 14:15:42+00:00,10
14.814213311258444,83.51281836327345,2025-06-04 18:07:36.156000+00:00,2025-06-04 13:32:16+00:00,11
14.127576885036522,84.50666729678639,2025-06-04 18:07:36.946000+00:00,2025-06-04 13:34:25+00:00,12
13.805855532956755,88.14372888015717,2025-06-04 18:07:37.684000+00:00,2025-06-04 14:46:28+00:00,13
13.27803384862614,84.30803561387066,2025-06-04 18:07:38.326000+00:00,2025-06-04 13:28:35+00:00,14
14.782800413791572,86.81058683206106,2025-06-04 18:07:38.505000+00:00,2025-06-04 14:17:16+00:00,15
15.57613479040104,78.95390285714285,2025-06-04 18:07:39.268000+00:00,2025-06-04 14:02:07+00:00,16
14.587107333402466,83.69132541133456,2025-06-04 18:07:40.690000+00:00,2025-06-04 13:10:19+00:00,17
11.944950218845175,87.61448957298907,2025-06-04 18:07:42.209000+00:00,2025-06-04 14:39:50+00:00,18
16.107382381990863,88.2547697431018,2025-06-04 18:07:43.237000+00:00,2025-06-04 14:41:59+00:00,19
14.439785501407664,87.01088553113553,2025-06-04 18:07:44.113000+00:00,2025-06-04 14:11:20+00:00,20
12.75626243459803,83.0265196548418,2025-06-04 18:07:44.340000+00:00,2025-06-04 13:12:41+00:00,21
13.590160750506024,82.49095793499043,2025-06-04 18:07:45.458000+00:00,2025-06-04 13:02:31+00:00,22
12.463531667600732,82.58742626070409,2025-06-04 18:07:45.615000+00:00,2025-06-04 13:02:45+00:00,23
13.37515206884363,88.9278525345622,2025-06-04 18:07:46.280000+00:00,2025-06-04 14:47:33+00:00,24
14.264282527337066,87.99946798493409,2025-06-04 18:07:46.565000+00:00,2025-06-04 14:35:22+00:00,25
13.63478454275432,86.20469476744186,2025-06-04 18:07:46.755000+00:00,2025-06-04 14:10:30+00:00,26
12.78111866038638,87.85713988657845,2025-06-04 18:07:47.146000+00:00,2025-06-04 14:33:40+00:00,27
14.413299244657544,84.82580177514792,2025-06-04 18:07:47.637000+00:00,2025-06-04 13:51:21+00:00,28
15.994174751072478,85.31028192999054,2025-06-04 18:07:49.032000+00:00,2025-06-04 13:49:02+00:00,29
13.69985631882453,84.98222445255475,2025-06-04 18:07:49.482000+00:00,2025-06-04 13:33:30+00:00,30
15.782251383129015,86.26171302644467,2025-06-04 18:07:50.791000+00:00,2025-06-04 14:14:04+00:00,31
15.322764045900051,83.9538981018981,2025-06-04 18:07:52.148000+00:00,2025-06-04 13:40:10+00:00,32
14.791916461558948,83.89385045871559,2025-06-04 18:07:52.703000+00:00,2025-06-04 13:15:17+00:00,33
11.761240491731453,87.34721731123389,2025-06-04 18:07:52.922000+00:00,2025-06-04 14:18:52+00:00,34
15.402158402436314,88.71643219512195,2025-06-04 18:07:53.657000+00:00,2025-06-04 14:55:08+00:00,35
11.899268204717886,84.72740419161677,2025-06-04 18:07:54.141000+00:00,2025-06-04 13:52:51+00:00,36
16.091773531435088,86.8330446511628,2025-06-04 18:07:55.477000+00:00,2025-06-04 14:12:01+00:00,37
13.883098691647012,83.7171561618062,2025-06-04 18:07:56.663000+00:00,2025-06-04 13:19:28+00:00,38
13.177841726320324,84.15340417457305,2025-06-04 18:07:58.312000+00:00,2025-06-04 13:29:36+00:00,39
15.626618662604594,89.05552737752161,2025-06-04 18:07:59.196000+00:00,2025-06-04 14:58:06+00:00,40
15.91974180973957,87.12729035433071,2025-06-04 18:08:00.673000+00:00,2025-06-04 14:30:02+00:00,41
12.3304934127498,87.64052263779527,2025-06-04 18:08:02.229000+00:00,2025-06-04 14:38:45+00:00,42
14.243104350731532,86.44882242063493,2025-06-04 18:08:02.587000+00:00,2025-06-04 14:20:23+00:00,44
15.759299064901542,83.86134502923977,2025-06-04 18:08:03.260000+00:00,2025-06-04 13:32:05+00:00,45
15.947518514572812,83.01757735849057,2025-06-04 18:08:04.368000+00:00,2025-06-04 13:08:03+00:00,46
11.326086435963289,83.10191285714285,2025-06-04 18:08:05.661000+00:00,2025-06-04 14:50:57+00:00,47
13.693555060949764,86.22019923002887,2025-06-04 18:08:06.213000+00:00,2025-06-04 14:09:29+00:00,48
14.076269206533116,87.66510009442871,2025-06-04 18:08:07.659000+00:00,2025-06-04 14:30:25+00:00,50
12.759331103992947,85.11815057915058,2025-06-04 18:08:38.596000+00:00,2025-06-04 13:51:41+00:00,1
13.279438406169575,89.46815881809788,2025-06-04 18:08:39.984000+00:00,2025-06-04 14:58:34+00:00,2
14.53908848683546,86.14268819188192,2025-06-04 18:08:40.326000+00:00,2025-06-04 13:58:19+00:00,3
15.53355981652791,88.9856825548141,2025-06-04 18:08:41.019000+00:00,2025-06-04 14:56:07+00:00,4
15.486384210896674,85.69338199052133,2025-06-04 18:08:41.482000+00:00,2025-06-04 13:57:08+00:00,5
13.583004296776286,81.70718081918082,2025-06-04 18:08:42.112000+00:00,2025-06-04 13:03:31+00:00,6
14.522361772948656,84.2639,2025-06-04 18:08:42.905000+00:00,2025-06-04 13:33:20+00:00,8
11.282192771107574,87.21997858472999,2025-06-04 18:08:43.743000+00:00,2025-06-04 14:19:58+00:00,9
12.662957375046611,86.99288093023256,2025-06-04 18:08:44.653000+00:00,2025-06-04 14:15:42+00:00,10
14.802241318903336,84.696286900369,2025-06-04 18:08:45.225000+00:00,2025-06-04 13:32:16+00:00,11
14.115558920537168,84.95305667276051,2025-06-04 18:08:46.356000+00:00,2025-06-04 13:34:25+00:00,12
13.799821168065623,87.92139004975124,2025-06-04 18:08:47.003000+00:00,2025-06-04 14:46:28+00:00,13
13.26552931546378,83.33678592666006,2025-06-04 18:08:48.183000+00:00,2025-06-04 13:28:35+00:00,14
14.774394402096508,86.69307662835249,2025-06-04 18:08:48.428000+00:00,2025-06-04 14:17:16+00:00,15
15.566436820665,78.85422571428572,2025-06-04 18:08:49.042000+00:00,2025-06-04 14:02:07+00:00,16
14.57317479160715,82.12417764471058,2025-06-04 18:08:50.574000+00:00,2025-06-04 13:10:19+00:00,17
11.938429656647356,87.99874641148325,2025-06-04 18:08:51.310000+00:00,2025-06-04 14:39:50+00:00,18
11.210729273683992,87.68459226190475,2025-06-04 18:08:52.931000+00:00,2025-06-04 14:41:59+00:00,19
14.430989968510351,86.13477042801557,2025-06-04 18:08:53.456000+00:00,2025-06-04 14:11:20+00:00,20
12.742474231441792,82.65955024390244,2025-06-04 18:08:54.961000+00:00,2025-06-04 13:12:41+00:00,21
13.575505118648811,81.76176785714286,2025-06-04 18:08:55.138000+00:00,2025-06-04 13:02:31+00:00,22
12.448683010025082,83.2529261622607,2025-06-04 18:08:56.540000+00:00,2025-06-04 13:02:45+00:00,23
13.36911104230909,88.44668164435946,2025-06-04 18:08:57.771000+00:00,2025-06-04 14:47:33+00:00,24
14.257232385584604,87.47218670576736,2025-06-04 18:08:57.953000+00:00,2025-06-04 14:35:22+00:00,25
13.6253687413466,86.0125826001955,2025-06-04 18:08:59.128000+00:00,2025-06-04 14:10:30+00:00,26
12.773671574379074,87.68295328884652,2025-06-04 18:09:00.582000+00:00,2025-06-04 14:33:40+00:00,27
14.402103016018982,85.8028246097337,2025-06-04 18:09:01.724000+00:00,2025-06-04 13:51:21+00:00,28
15.982984506911109,85.59476454293629,2025-06-04 18:09:02.870000+00:00,2025-06-04 13:49:02+00:00,29
13.687081414400076,84.29867331433998,2025-06-04 18:09:03.497000+00:00,2025-06-04 13:33:30+00:00,30
15.77303415364564,85.94214755732801,2025-06-04 18:09:04.026000+00:00,2025-06-04 14:14:04+00:00,31
15.310915820792651,85.23814181152791,2025-06-04 18:09:04.711000+00:00,2025-06-04 13:40:10+00:00,32
14.777625959482949,83.9297675478578,2025-06-04 18:09:06.045000+00:00,2025-06-04 13:15:17+00:00,33
11.752280916413728,87.0641404494382,2025-06-04 18:09:07.498000+00:00,2025-06-04 14:18:52+00:00,34
15.396422635458112,89.23118963922295,2025-06-04 18:09:09.084000+00:00,2025-06-04 14:55:08+00:00,35
11.887889891960254,84.93689520078354,2025-06-04 18:09:10.430000+00:00,2025-06-04 13:52:51+00:00,36
16.08215303291668,85.97992315270936,2025-06-04 18:09:11.378000+00:00,2025-06-04 14:12:01+00:00,37
13.86871337344791,83.28427307692309,2025-06-04 18:09:12.356000+00:00,2025-06-04 13:19:28+00:00,38
13.16454795495588,84.40706412639405,2025-06-04 18:09:13.999000+00:00,2025-06-04 13:29:36+00:00,39
15.621194948142106,89.09835551330798,2025-06-04 18:09:14.530000+00:00,2025-06-04 14:58:06+00:00,40
15.911832206486627,87.5439990530303,2025-06-04 18:09:15.537000+00:00,2025-06-04 14:30:02+00:00,41
12.323320856679238,87.40558923230309,2025-06-04 18:09:17.194000+00:00,2025-06-04 14:38:45+00:00,42
14.23423849911287,86.5603904109589,2025-06-04 18:09:18.281000+00:00,2025-06-04 14:20:23+00:00,44
15.746251881373286,83.80370107108082,2025-06-04 18:09:18.599000+00:00,2025-06-04 13:32:05+00:00,45
15.932365601115327,82.38165204678363,2025-06-04 18:09:19.425000+00:00,2025-06-04 13:08:03+00:00,46
11.32004072746919,82.99604,2025-06-04 18:09:19.772000+00:00,2025-06-04 14:50:57+00:00,47
13.68395578177608,86.32001711026616,2025-06-04 18:09:20.342000+00:00,2025-06-04 14:09:29+00:00,48
15.91857530119433,85.86035546875,2025-06-04 18:09:21.996000+00:00,2025-06-04 14:08:03+00:00,49
14.068310130169332,87.52318708452042,2025-06-04 18:09:23.084000+00:00,2025-06-04 14:30:25+00:00,50
